Player,Season,Team,S/C,Pos,GP,G,A,P,+/-,PIM,P/GP,EVG,EVP,PPG,PPP,SHG,SHP,OTG,GWG,S,S%,TOI/GP,FOW%
Nathan MacKinnon,20242025,COL,R,C,37,14,46,60,9,25,1.62,11,42,3,18,0,0,1,3,142,9.9,,47.0
Leon Draisaitl,20242025,EDM,L,C,36,26,29,55,18,10,1.53,19,39,7,16,0,0,4,8,110,23.6,,55.8
Nikita Kucherov,20242025,TBL,L,R,32,17,37,54,12,19,1.69,15,32,2,22,0,0,0,4,111,15.3,,
Mikko Rantanen,20242025,COL,L,R,37,20,33,53,6,24,1.43,14,37,6,16,0,0,0,5,99,20.2,,53.3
Connor McDavid,20242025,EDM,L,C,33,15,37,52,9,10,1.58,10,36,5,16,0,0,0,2,102,14.7,,46.0
Kirill Kaprizov,20242025,MIN,L,L,34,23,27,50,21,14,1.47,20,39,3,11,0,0,1,4,120,19.2,,0.0
Mitch Marner,20242025,TOR,R,R,37,13,37,50,2,8,1.35,7,30,5,19,1,1,1,3,94,13.8,,20.0
Kyle Connor,20242025,WPG,L,L,37,22,27,49,9,17,1.32,12,32,9,16,1,1,1,4,124,17.7,,0.0
Jack Eichel,20242025,VGK,R,C,36,10,38,48,21,6,1.33,8,32,1,14,1,2,0,1,105,9.5,,47.1
Jesper Bratt,20242025,NJD,L,L,39,14,33,47,12,12,1.21,9,28,4,18,1,1,0,0,88,15.9,,0.0
Jack Hughes,20242025,NJD,L,C,39,15,31,46,11,6,1.18,10,25,5,20,0,1,1,6,141,10.6,,35.9
Sam Reinhart,20242025,FLA,R,C,37,22,23,45,8,8,1.22,11,25,7,15,4,5,0,1,92,23.9,,41.0
Cale Makar,20242025,COL,R,D,37,11,34,45,10,6,1.22,4,25,6,19,1,1,0,3,118,9.3,,
Mark Scheifele,20242025,WPG,R,C,37,22,22,44,6,23,1.19,18,30,4,14,0,0,1,6,85,25.9,,48.8
Martin Necas,20242025,CAR,R,C,36,14,30,44,0,8,1.22,7,25,7,19,0,0,0,5,85,16.5,,44.1
Brayden Point,20242025,TBL,R,C,30,23,20,43,5,2,1.43,12,25,11,18,0,0,2,5,72,31.9,,51.1
Quinn Hughes,20242025,VAN,L,D,34,8,34,42,14,21,1.24,7,26,1,16,0,0,0,1,109,7.3,,
William Nylander,20242025,TOR,R,R,37,23,18,41,0,12,1.11,16,23,7,18,0,0,0,5,128,18.0,,47.2
Brandon Hagel,20242025,TBL,L,L,34,17,24,41,14,28,1.21,15,32,0,5,2,4,0,1,89,19.1,,42.9
Travis Konecny,20242025,PHI,R,R,37,16,25,41,-1,35,1.11,9,31,6,8,1,2,0,2,89,18.0,,37.1
Kirill Marchenko,20242025,CBJ,R,R,37,14,26,40,17,12,1.08,13,27,1,13,0,0,0,1,107,13.1,,31.0
Tim Stützle,20242025,OTT,L,C,36,12,28,40,6,16,1.11,10,25,2,15,0,0,0,0,73,16.4,,37.3
Sidney Crosby,20242025,PIT,L,C,38,10,30,40,-10,17,1.05,6,28,4,12,0,0,2,3,113,8.9,,56.9
Anze Kopitar,20242025,LAK,L,C,36,12,27,39,16,0,1.08,9,27,3,11,0,1,0,5,46,26.1,,55.6
Dylan Strome,20242025,WSH,L,C,36,11,28,39,15,16,1.08,9,26,2,13,0,0,0,1,63,17.5,,54.5
Zach Werenski,20242025,CBJ,L,D,37,11,28,39,3,21,1.05,6,21,5,17,0,1,1,2,134,8.2,,
Artemi Panarin,20242025,NYR,R,L,33,16,22,38,-8,10,1.15,11,26,5,12,0,0,0,1,105,15.2,,0.0
Sebastian Aho,20242025,CAR,L,C,36,12,26,38,-3,24,1.06,9,22,2,14,1,2,2,3,93,12.9,,55.4
Jake Guentzel,20242025,TBL,L,C,33,20,17,37,10,10,1.12,12,26,8,11,0,0,0,1,93,21.5,,53.7
John Tavares,20242025,TOR,L,C,36,18,19,37,8,20,1.03,13,30,5,7,0,0,1,6,110,16.4,,56.9
David Pastrnak,20242025,BOS,R,R,38,13,24,37,-1,24,0.97,9,29,4,8,0,0,2,3,151,8.6,,25.0
Lucas Raymond,20242025,DET,R,L,36,15,21,36,-8,12,1.0,12,19,2,16,1,1,1,3,72,20.8,,0.0
Clayton Keller,20242025,UTA,L,R,35,13,23,36,1,14,1.03,9,23,4,13,0,0,1,3,89,14.6,,30.8
Drake Batherson,20242025,OTT,R,R,36,13,23,36,-2,10,1.0,6,18,7,18,0,0,0,2,78,16.7,,55.6
Adrian Kempe,20242025,LAK,L,R,36,17,18,35,18,18,0.97,14,27,2,7,1,1,0,0,100,17.0,,42.9
Brady Tkachuk,20242025,OTT,L,L,36,16,19,35,2,56,0.97,8,21,8,14,0,0,3,4,150,10.7,,52.7
Matthew Tkachuk,20242025,FLA,L,L,32,13,22,35,-7,26,1.09,6,20,7,15,0,0,0,1,91,14.3,,0.0
Nick Suzuki,20242025,MTL,R,C,36,11,24,35,0,4,0.97,10,24,1,11,0,0,2,3,71,15.5,,49.7
Nico Hischier,20242025,NJD,L,C,39,18,16,34,13,2,0.87,13,21,5,12,0,1,0,2,108,16.7,,55.7
Mikael Granlund,20242025,SJS,L,C,37,11,23,34,-5,16,0.92,7,21,3,12,1,1,0,0,102,10.8,,46.7
Josh Morrissey,20242025,WPG,L,D,37,3,31,34,11,18,0.92,2,18,1,16,0,0,0,0,73,4.1,,
Cole Caufield,20242025,MTL,R,R,36,18,15,33,-4,10,0.92,11,23,7,10,0,0,0,3,100,18.0,,25.0
Matt Duchene,20242025,DAL,L,C,35,14,19,33,7,6,0.94,11,22,3,11,0,0,1,4,61,23.0,,54.2
Sean Monahan,20242025,CBJ,L,C,37,13,20,33,13,14,0.89,9,26,4,6,0,1,0,2,100,13.0,,50.9
Aleksander Barkov,20242025,FLA,L,C,27,10,23,33,2,4,1.22,4,17,5,12,1,4,1,1,61,16.4,,61.6
Dylan Guenther,20242025,UTA,R,R,35,16,16,32,9,18,0.91,9,17,7,15,0,0,1,3,89,18.0,,40.0
Gabriel Vilardi,20242025,WPG,R,C,37,15,17,32,4,10,0.86,8,17,7,15,0,0,0,3,70,21.4,,52.7
Anthony Cirelli,20242025,TBL,L,C,33,14,18,32,17,12,0.97,10,24,2,4,2,4,0,1,64,21.9,,50.2
Connor Bedard,20242025,CHI,R,C,37,10,22,32,-17,16,0.86,6,17,4,15,0,0,0,3,93,10.8,,31.5
Rickard Rakell,20242025,PIT,R,R,38,17,14,31,-1,6,0.82,14,23,3,8,0,0,1,1,87,19.5,,33.3
Brad Marchand,20242025,BOS,L,L,38,15,16,31,4,28,0.82,13,23,2,8,0,0,2,4,110,13.6,,42.9
Jordan Kyrou,20242025,STL,R,C,38,15,16,31,6,8,0.82,13,24,2,7,0,0,0,2,108,13.9,,30.8
Matt Boldy,20242025,MIN,L,L,37,13,18,31,3,33,0.84,9,22,4,9,0,0,1,6,122,10.7,,47.4
Evgeni Malkin,20242025,PIT,L,C,38,8,23,31,-15,16,0.82,6,22,2,9,0,0,0,2,70,11.4,,42.4
Logan Cooley,20242025,UTA,L,C,35,8,23,31,10,20,0.89,5,21,3,10,0,0,0,1,67,11.9,,44.4
Anders Lee,20242025,NYI,L,L,37,16,14,30,3,14,0.81,13,25,3,5,0,0,0,1,109,14.7,,38.5
Connor McMichael,20242025,WSH,L,C,36,16,14,30,9,12,0.83,13,22,3,7,0,1,0,4,94,17.0,,52.9
Ivan Barbashev,20242025,VGK,L,C,31,15,15,30,11,4,0.97,14,29,1,1,0,0,1,3,51,29.4,,36.4
Aliaksei Protas,20242025,WSH,L,C,36,14,16,30,17,10,0.83,13,29,0,0,1,1,1,3,64,21.9,,23.1
Nikolaj Ehlers,20242025,WPG,L,L,28,11,19,30,8,4,1.07,7,19,4,11,0,0,1,2,72,15.3,,25.0
Filip Forsberg,20242025,NSH,R,L,36,9,21,30,-10,18,0.83,6,20,3,10,0,0,0,1,122,7.4,,12.5
Mark Stone,20242025,VGK,R,R,22,8,22,30,16,0,1.36,6,19,2,10,0,1,0,1,43,18.6,,100.0
Shea Theodore,20242025,VGK,L,D,35,4,26,30,4,14,0.86,4,18,0,12,0,0,0,1,67,6.0,,
Tage Thompson,20242025,BUF,R,C,32,18,11,29,6,11,0.91,15,22,3,7,0,0,0,1,91,19.8,,41.2
Marco Rossi,20242025,MIN,L,C,37,12,17,29,11,12,0.78,9,23,3,6,0,0,0,1,61,19.7,,48.9
Matvei Michkov,20242025,PHI,L,R,35,12,17,29,-6,36,0.83,7,17,5,12,0,0,3,3,71,16.9,,46.7
Dylan Larkin,20242025,DET,L,C,36,12,16,28,-9,24,0.78,6,17,6,11,0,0,0,2,95,12.6,,56.9
Alex Tuch,20242025,BUF,R,R,37,12,16,28,13,21,0.76,9,21,0,4,3,3,0,1,83,14.5,,42.4
Elias Pettersson,20242025,VAN,L,C,34,10,18,28,-3,10,0.82,5,19,5,9,0,0,0,1,67,14.9,,45.7
Conor Garland,20242025,VAN,R,R,35,9,19,28,3,17,0.8,6,19,3,9,0,0,1,2,80,11.3,,40.0
Robert Thomas,20242025,STL,R,C,26,8,20,28,9,12,1.08,6,22,1,5,1,1,0,2,53,15.1,,55.4
Nick Schmaltz,20242025,UTA,R,C,35,6,22,28,-3,6,0.8,3,19,3,9,0,0,0,1,81,7.4,,50.0
Victor Hedman,20242025,TBL,L,D,32,4,24,28,6,14,0.88,3,16,1,12,0,0,0,1,72,5.6,,
Alex Ovechkin,20242025,WSH,R,L,20,17,10,27,16,8,1.35,13,20,4,7,0,0,0,3,74,23.0,,
Jake DeBrusk,20242025,VAN,L,L,35,16,11,27,1,10,0.77,10,18,6,9,0,0,1,2,78,20.5,,16.7
Bryan Rust,20242025,PIT,R,R,31,15,12,27,-18,8,0.87,13,22,2,5,0,0,2,4,89,16.9,,60.0
Jonathan Huberdeau,20242025,CGY,L,C,36,15,12,27,-9,18,0.75,11,18,3,8,1,1,0,2,64,23.4,,31.8
Alex DeBrincat,20242025,DET,R,R,36,15,12,27,-9,8,0.75,9,16,6,11,0,0,0,1,96,15.6,,42.9
Sam Bennett,20242025,FLA,L,C,35,13,14,27,-14,45,0.77,10,21,3,6,0,0,0,1,99,13.1,,45.4
Timo Meier,20242025,NJD,L,R,38,13,14,27,11,50,0.71,10,21,3,6,0,0,0,2,116,11.2,,36.4
Jared McCann,20242025,SEA,L,L,37,12,15,27,2,2,0.73,10,22,2,5,0,0,1,1,92,13.0,,42.9
Mason Marchment,20242025,DAL,L,L,33,12,15,27,9,35,0.82,11,21,1,6,0,0,0,3,80,15.0,,35.7
Macklin Celebrini,20242025,SJS,L,C,27,12,15,27,-8,10,1.0,8,19,4,8,0,0,1,3,90,13.3,,48.9
Bo Horvat,20242025,NYI,L,C,36,10,17,27,11,4,0.75,9,25,1,2,0,0,1,2,101,9.9,,58.5
Troy Terry,20242025,ANA,R,R,35,10,17,27,-4,6,0.77,6,20,4,7,0,0,0,2,90,11.1,,22.2
Carter Verhaeghe,20242025,FLA,L,C,37,9,18,27,-21,20,0.73,6,14,3,13,0,0,0,3,109,8.3,,32.0
Mikhail Sergachev,20242025,UTA,L,D,35,8,19,27,2,16,0.77,6,16,2,11,0,0,2,3,57,14.0,,
Evan Bouchard,20242025,EDM,R,D,36,7,20,27,7,12,0.75,7,20,0,7,0,0,0,0,91,7.7,,
William Eklund,20242025,SJS,L,L,36,7,20,27,0,6,0.75,3,19,4,7,0,1,1,1,60,11.7,,29.2
Shayne Gostisbehere,20242025,CAR,L,D,35,6,21,27,-6,16,0.77,2,9,4,18,0,0,0,0,66,9.1,,
Pierre-Luc Dubois,20242025,WSH,L,L,36,5,22,27,6,22,0.75,5,22,0,5,0,0,0,1,54,9.3,,48.9
Adam Fox,20242025,NYR,R,D,35,1,26,27,1,20,0.77,1,16,0,11,0,0,0,1,58,1.7,,
Stefan Noesen,20242025,NJD,R,R,39,16,10,26,-1,21,0.67,9,16,7,10,0,0,0,4,88,18.2,,57.1
Jonathan Marchessault,20242025,NSH,R,R,36,13,13,26,-6,22,0.72,10,16,3,10,0,0,1,2,107,12.2,,23.5
Alex Laferriere,20242025,LAK,R,R,36,13,13,26,9,10,0.72,11,22,2,4,0,0,0,4,81,16.1,,37.0
Kyle Palmieri,20242025,NYI,R,C,37,12,14,26,-5,10,0.7,10,20,2,5,0,1,0,1,78,15.4,,43.8
Andrei Svechnikov,20242025,CAR,L,R,36,12,14,26,-8,32,0.72,4,12,8,14,0,0,0,1,112,10.7,,50.0
Fabian Zetterlund,20242025,SJS,R,L,39,11,15,26,6,6,0.67,8,22,3,4,0,0,0,0,79,13.9,,65.4
JJ Peterka,20242025,BUF,L,R,35,10,16,26,-6,10,0.74,7,19,3,7,0,0,0,1,72,13.9,,33.3
Rasmus Dahlin,20242025,BUF,L,D,29,6,20,26,9,20,0.9,3,17,3,9,0,0,1,1,85,7.1,,
Neal Pionk,20242025,WPG,R,D,37,5,21,26,6,26,0.7,2,16,3,9,0,1,0,1,60,8.3,,
Lane Hutson,20242025,MTL,L,D,36,2,24,26,-10,22,0.72,2,15,0,11,0,0,0,0,40,5.0,,
Tyler Toffoli,20242025,SJS,R,C,39,14,11,25,-11,6,0.64,11,16,3,9,0,0,0,1,113,12.4,,50.0
Tom Wilson,20242025,WSH,R,R,36,14,11,25,2,32,0.69,7,15,7,9,0,1,1,3,78,18.0,,37.5
Nazem Kadri,20242025,CGY,L,C,36,13,12,25,-14,30,0.69,11,18,2,7,0,0,0,1,122,10.7,,45.3
Oliver Bjorkstrand,20242025,SEA,R,R,36,11,14,25,2,4,0.69,8,19,3,6,0,0,0,0,80,13.8,,50.0
Jason Zucker,20242025,BUF,L,L,37,10,15,25,4,37,0.68,5,14,5,11,0,0,0,2,63,15.9,,57.9
Jamie Benn,20242025,DAL,L,L,35,8,17,25,1,54,0.71,8,19,0,6,0,0,0,3,60,13.3,,57.9
Jason Robertson,20242025,DAL,L,L,35,8,17,25,0,6,0.71,5,19,3,6,0,0,0,1,88,9.1,,42.9
Jake Walman,20242025,SJS,L,D,31,5,20,25,4,22,0.81,5,19,0,6,0,0,0,1,80,6.3,,
Erik Karlsson,20242025,PIT,R,D,38,3,22,25,-6,14,0.66,2,17,1,8,0,0,0,0,91,3.3,,
Jack Roslovic,20242025,CAR,R,C,36,16,8,24,0,4,0.67,15,22,1,2,0,0,0,2,73,21.9,,45.7
Brock Boeser,20242025,VAN,R,R,28,13,11,24,-6,14,0.86,9,15,4,9,0,0,0,0,53,24.5,,24.0
Dylan Holloway,20242025,STL,L,L,38,13,11,24,7,8,0.63,11,21,2,3,0,0,1,4,90,14.4,,40.8
Will Cuylle,20242025,NYR,L,L,35,11,13,24,11,19,0.69,10,22,0,1,1,1,0,1,63,17.5,,28.6
Tomas Hertl,20242025,VGK,L,C,36,10,14,24,-9,8,0.67,3,13,7,11,0,0,0,2,83,12.1,,58.6
Jakob Chychrun,20242025,WSH,L,D,31,10,14,24,15,24,0.77,8,17,2,7,0,0,1,2,67,14.9,,
Claude Giroux,20242025,OTT,R,R,36,9,15,24,5,14,0.67,7,16,2,7,0,1,0,1,69,13.0,,61.7
Seth Jarvis,20242025,CAR,R,C,29,9,15,24,-2,8,0.83,4,11,4,11,1,2,0,0,75,12.0,,31.6
Wyatt Johnston,20242025,DAL,R,C,35,8,16,24,4,10,0.69,5,16,2,7,1,1,0,0,98,8.2,,47.8
Roman Josi,20242025,NSH,L,D,32,7,17,24,-23,10,0.75,6,14,1,10,0,0,0,1,94,7.5,,
Teuvo Teravainen,20242025,CHI,L,C,37,7,17,24,-13,4,0.65,2,11,5,12,0,1,0,0,62,11.3,,48.4
Dougie Hamilton,20242025,NJD,R,D,39,5,19,24,1,22,0.62,1,12,4,12,0,0,0,2,112,4.5,,
Auston Matthews,20242025,TOR,L,C,24,11,12,23,-2,10,0.96,8,15,3,8,0,0,1,1,101,10.9,,55.8
Jake Evans,20242025,MTL,R,C,36,10,13,23,5,6,0.64,7,19,0,0,3,4,0,4,32,31.3,,48.9
Pavel Buchnevich,20242025,STL,L,L,36,9,14,23,5,9,0.64,8,17,1,5,0,1,0,0,71,12.7,,36.7
Anton Lundell,20242025,FLA,L,C,36,8,15,23,2,20,0.64,5,18,2,4,1,1,0,1,75,10.7,,50.9
Casey Mittelstadt,20242025,COL,L,C,37,7,16,23,-17,10,0.62,6,14,1,9,0,0,0,1,50,14.0,,41.7
Cole Perfetti,20242025,WPG,L,C,37,7,16,23,15,8,0.62,4,14,3,9,0,0,0,1,67,10.5,,20.8
J.T. Miller,20242025,VAN,L,C,25,6,17,23,-2,13,0.92,5,15,1,8,0,0,1,1,45,13.3,,59.5
John Carlson,20242025,WSH,R,D,36,3,20,23,12,12,0.64,2,15,1,8,0,0,0,0,84,3.6,,
Chandler Stephenson,20242025,SEA,L,C,36,3,20,23,-10,10,0.64,2,10,1,13,0,0,0,0,32,9.4,,52.1
Kevin Fiala,20242025,LAK,L,L,35,14,8,22,-11,26,0.63,9,11,5,11,0,0,0,2,97,14.4,,42.9
Josh Norris,20242025,OTT,L,C,36,14,8,22,-6,24,0.61,8,12,5,9,1,1,1,4,70,20.0,,54.3
Dmitri Voronkov,20242025,CBJ,L,L,28,12,10,22,6,29,0.79,7,16,5,6,0,0,0,0,53,22.6,,45.0
Steven Stamkos,20242025,NSH,R,C,36,11,11,22,-12,22,0.61,4,10,7,12,0,0,0,2,82,13.4,,50.7
Jaden Schwartz,20242025,SEA,L,C,37,11,11,22,-3,14,0.59,8,17,3,5,0,0,0,4,82,13.4,,38.5
Warren Foegele,20242025,LAK,L,L,36,11,11,22,17,8,0.61,11,22,0,0,0,0,0,4,85,12.9,,53.3
Owen Tippett,20242025,PHI,R,R,37,11,11,22,-10,8,0.59,11,18,0,4,0,0,1,1,92,12.0,,35.7
Vincent Trocheck,20242025,NYR,R,C,35,10,12,22,-5,30,0.63,7,15,2,6,1,1,0,3,88,11.4,,61.5
Simon Holmstrom,20242025,NYI,L,R,37,9,13,22,2,6,0.59,8,18,1,3,0,1,0,0,42,21.4,,0.0
Owen Power,20242025,BUF,L,D,37,5,17,22,-6,12,0.59,5,22,0,0,0,0,0,0,68,7.4,,
Roope Hintz,20242025,DAL,L,C,34,15,6,21,1,14,0.62,12,16,3,5,0,0,0,2,84,17.9,,54.2
Zach Hyman,20242025,EDM,R,L,31,13,8,21,7,14,0.68,9,13,4,8,0,0,0,4,86,15.1,,50.0
Michael Bunting,20242025,PIT,L,L,37,11,10,21,-10,30,0.57,4,12,7,9,0,0,0,1,76,14.5,,50.0
Brock Nelson,20242025,NYI,L,C,37,10,11,21,-3,6,0.57,7,18,1,1,2,2,0,2,95,10.5,,54.1
Kent Johnson,20242025,CBJ,L,C,23,10,11,21,-4,6,0.91,8,12,1,7,1,2,0,1,50,20.0,,0.0
Adam Lowry,20242025,WPG,L,C,37,9,12,21,15,14,0.57,9,19,0,0,0,2,1,4,56,16.1,,50.9
Alexis Lafrenière,20242025,NYR,L,L,35,9,12,21,-14,14,0.6,7,19,2,2,0,0,0,2,75,12.0,,45.0
Ryan O'Reilly,20242025,NSH,L,C,33,8,13,21,-17,9,0.64,4,14,4,7,0,0,0,2,57,14.0,,55.4
Scott Laughton,20242025,PHI,L,C,37,8,13,21,-9,8,0.57,7,19,0,0,1,2,0,1,69,11.6,,46.9
Brandon Montour,20242025,SEA,R,D,36,8,13,21,1,26,0.58,5,16,3,5,0,0,0,1,106,7.6,,
Mika Zibanejad,20242025,NYR,R,C,35,6,15,21,-21,12,0.6,4,13,2,7,0,1,0,0,77,7.8,,51.9
Colton Parayko,20242025,STL,R,D,38,6,15,21,-3,6,0.55,5,19,0,0,1,2,1,2,72,8.3,,
Travis Sanheim,20242025,PHI,L,D,37,6,15,21,3,26,0.57,6,19,0,1,0,1,0,0,74,8.1,,
Brandt Clarke,20242025,LAK,R,D,36,3,18,21,6,22,0.58,1,14,2,7,0,0,0,0,72,4.2,,
Jake Sanderson,20242025,OTT,L,D,36,2,19,21,-12,4,0.58,1,6,1,13,0,2,1,1,76,2.6,,
Pavel Dorofeyev,20242025,VGK,L,L,36,13,7,20,-3,10,0.56,8,15,5,5,0,0,0,2,104,12.5,,0.0
Ryan Donato,20242025,CHI,L,C,35,11,9,20,-4,22,0.57,10,16,1,4,0,0,0,2,81,13.6,,44.9
Tyler Seguin,20242025,DAL,R,C,19,9,11,20,14,2,1.05,6,17,3,3,0,0,0,2,43,20.9,,52.1
Nick Paul,20242025,TBL,L,L,28,9,11,20,3,18,0.71,9,16,0,3,0,1,1,2,45,20.0,,49.2
Connor Zary,20242025,CGY,L,C,36,8,12,20,-7,10,0.56,7,11,1,9,0,0,1,2,73,11.0,,35.2
Mats Zuccarello,20242025,MIN,L,R,24,7,13,20,6,6,0.83,6,16,1,4,0,0,0,2,47,14.9,,50.0
Cole Sillinger,20242025,CBJ,L,C,36,6,14,20,-10,29,0.56,4,17,1,1,1,2,0,0,88,6.8,,49.4
Bowen Byram,20242025,BUF,L,D,37,4,16,20,6,20,0.54,4,19,0,1,0,0,0,2,44,9.1,,
Moritz Seider,20242025,DET,R,D,36,4,16,20,1,20,0.56,4,14,0,6,0,0,0,0,69,5.8,,
Juraj Slafkovsky,20242025,MTL,L,L,33,4,16,20,-11,12,0.61,3,14,1,6,0,0,0,0,43,9.3,,37.5
Alex Pietrangelo,20242025,VGK,R,D,33,3,17,20,17,6,0.61,3,18,0,0,0,2,0,1,64,4.7,,
Aaron Ekblad,20242025,FLA,R,D,37,2,18,20,1,35,0.54,2,11,0,7,0,2,0,1,72,2.8,,
Brett Howden,20242025,VGK,L,C,36,15,4,19,5,18,0.53,14,18,0,0,1,1,1,3,60,25.0,,50.5
Artturi Lehkonen,20242025,COL,L,L,25,13,6,19,11,6,0.76,12,17,1,2,0,0,0,3,55,23.6,,44.4
Kiefer Sherwood,20242025,VAN,R,L,35,12,7,19,8,12,0.54,11,18,0,0,1,1,0,3,68,17.7,,50.0
Pius Suter,20242025,VAN,L,C,34,11,8,19,6,4,0.56,10,18,1,1,0,0,0,3,58,19.0,,45.5
Matthew Knies,20242025,TOR,L,L,35,11,8,19,-5,12,0.54,10,15,1,4,0,0,0,0,54,20.4,,0.0
Nino Niederreiter,20242025,WPG,L,R,37,10,9,19,13,18,0.51,9,14,1,5,0,0,0,1,71,14.1,,40.0
Vladislav Namestnikov,20242025,WPG,L,C,37,9,10,19,12,28,0.51,8,12,1,7,0,0,0,1,40,22.5,,48.2
Eric Robinson,20242025,CAR,L,L,36,9,10,19,8,8,0.53,9,19,0,0,0,0,0,1,42,21.4,,33.3
Dawson Mercer,20242025,NJD,R,C,39,9,10,19,9,12,0.49,6,15,2,3,1,1,0,2,62,14.5,,44.0
Dylan Cozens,20242025,BUF,R,C,37,8,11,19,-6,41,0.51,7,17,1,2,0,0,0,1,86,9.3,,48.0
Quinton Byfield,20242025,LAK,L,R,36,8,11,19,5,16,0.53,7,17,1,2,0,0,1,2,67,11.9,,43.9
Taylor Hall,20242025,CHI,L,L,36,7,12,19,-12,14,0.53,7,17,0,2,0,0,0,1,68,10.3,,47.5
Ryan Nugent-Hopkins,20242025,EDM,L,C,35,7,12,19,3,10,0.54,4,12,3,7,0,0,1,1,70,10.0,,55.4
Maxim Tsyplakov,20242025,NYI,L,R,37,7,12,19,11,26,0.51,7,17,0,2,0,0,0,1,54,13.0,,46.7
Brayden Schenn,20242025,STL,L,C,38,6,13,19,-5,30,0.5,5,17,1,2,0,0,2,3,77,7.8,,49.6
Elias Lindholm,20242025,BOS,R,C,38,6,13,19,2,8,0.5,5,13,1,5,0,1,0,2,57,10.5,,55.4
Noah Dobson,20242025,NYI,R,D,37,5,14,19,-6,10,0.51,5,12,0,6,0,1,0,0,112,4.5,,
Brock Faber,20242025,MIN,R,D,37,5,14,19,12,11,0.51,4,13,1,6,0,0,1,1,46,10.9,,
Matty Beniers,20242025,SEA,L,C,37,5,14,19,4,6,0.51,5,17,0,2,0,0,0,0,65,7.7,,46.8
MacKenzie Weegar,20242025,CGY,R,D,36,4,15,19,6,10,0.53,2,10,2,8,0,1,0,0,77,5.2,,
Phillip Danault,20242025,LAK,L,C,35,3,16,19,3,6,0.54,3,18,0,0,0,1,0,1,54,5.6,,54.3
Matt Grzelcyk,20242025,PIT,L,D,38,1,18,19,-9,6,0.5,1,12,0,7,0,0,0,0,49,2.0,,
Tyler Bertuzzi,20242025,CHI,L,L,37,11,7,18,-16,37,0.49,7,12,4,6,0,0,0,0,59,18.6,,
Jake Neighbours,20242025,STL,L,L,38,10,8,18,-5,30,0.47,6,14,4,4,0,0,1,1,71,14.1,,18.2
Pavel Zacha,20242025,BOS,L,C,38,9,9,18,5,11,0.47,8,16,0,1,1,1,2,3,76,11.8,,55.0
Matt Coronato,20242025,CGY,R,R,31,9,9,18,9,6,0.58,7,11,2,7,0,0,1,1,69,13.0,,48.7
Jean-Gabriel Pageau,20242025,NYI,R,C,35,8,10,18,4,4,0.51,6,15,1,2,1,1,0,1,64,12.5,,60.3
Alexander Wennberg,20242025,SJS,L,C,39,8,10,18,-10,8,0.46,5,11,3,7,0,0,2,2,51,15.7,,49.6
Sean Couturier,20242025,PHI,L,C,35,7,11,18,-4,15,0.51,7,17,0,1,0,0,1,1,66,10.6,,57.2
Joel Armia,20242025,MTL,R,R,36,7,11,18,2,16,0.5,6,14,0,3,1,1,0,0,49,14.3,,25.0
Trevor Moore,20242025,LAK,L,L,28,6,12,18,3,2,0.64,5,17,0,0,1,1,0,1,60,10.0,,0.0
Morgan Rielly,20242025,TOR,L,D,37,4,14,18,-8,15,0.49,3,11,1,7,0,0,0,1,65,6.2,,
Logan Stankoven,20242025,DAL,R,C,33,4,14,18,-1,2,0.55,3,15,1,3,0,0,0,3,89,4.5,,43.4
Mike Matheson,20242025,MTL,L,D,34,2,16,18,-8,31,0.53,1,11,1,7,0,0,0,0,64,3.1,,
Adam Gaudette,20242025,OTT,R,R,35,13,4,17,5,6,0.49,10,14,3,3,0,0,0,2,47,27.7,,52.5
Valeri Nichushkin,20242025,COL,L,R,20,11,6,17,5,4,0.85,9,15,2,2,0,0,0,0,49,22.5,,50.0
Brendan Gallagher,20242025,MTL,R,R,36,10,7,17,-3,17,0.47,7,13,3,4,0,0,0,1,63,15.9,,0.0
Tyson Foerster,20242025,PHI,R,R,36,10,7,17,-4,33,0.47,7,14,3,3,0,0,0,1,56,17.9,,0.0
Frank Vatrano,20242025,ANA,L,R,34,9,8,17,-4,24,0.5,7,13,2,4,0,0,0,0,120,7.5,,35.7
Blake Coleman,20242025,CGY,L,C,36,8,9,17,-4,10,0.47,7,15,1,1,0,1,0,2,84,9.5,,58.1
Jordan Martinook,20242025,CAR,L,L,36,8,9,17,9,4,0.47,8,17,0,0,0,0,0,1,62,12.9,,60.0
Mikael Backlund,20242025,CGY,L,C,36,7,10,17,5,20,0.47,6,13,1,4,0,0,0,2,103,6.8,,47.8
William Karlsson,20242025,VGK,L,C,27,7,10,17,9,0,0.63,6,14,0,2,1,1,0,3,67,10.5,,59.1
Morgan Frost,20242025,PHI,L,C,33,7,10,17,-8,12,0.52,7,13,0,4,0,0,0,1,54,13.0,,52.9
Ryan Strome,20242025,ANA,R,C,35,6,11,17,-2,17,0.49,6,14,0,3,0,0,0,1,65,9.2,,42.1
Damon Severson,20242025,CBJ,R,D,36,6,11,17,0,14,0.47,6,17,0,0,0,0,0,1,58,10.3,,
Ryan McLeod,20242025,BUF,L,C,37,6,11,17,0,6,0.46,6,17,0,0,0,0,0,0,35,17.1,,54.8
Teddy Blueger,20242025,VAN,L,C,35,5,12,17,-1,19,0.49,5,17,0,0,0,0,0,0,42,11.9,,49.9
Noah Hanifin,20242025,VGK,L,D,36,5,12,17,2,8,0.47,4,15,1,2,0,0,0,1,65,7.7,,
Dmitry Orlov,20242025,CAR,L,D,36,4,13,17,17,12,0.47,4,16,0,1,0,0,0,1,54,7.4,,
J.T. Compher,20242025,DET,R,L,35,4,13,17,0,8,0.49,2,12,2,5,0,0,0,1,38,10.5,,44.3
Taylor Raddysh,20242025,WSH,R,R,36,4,13,17,1,4,0.47,4,17,0,0,0,0,0,1,45,8.9,,30.8
Miro Heiskanen,20242025,DAL,L,D,35,4,13,17,7,8,0.49,4,13,0,4,0,0,0,0,77,5.2,,
Ryker Evans,20242025,SEA,L,D,35,4,13,17,-4,16,0.49,3,14,1,3,0,0,0,0,37,10.8,,
Luke Hughes,20242025,NJD,L,D,30,3,14,17,3,6,0.57,3,12,0,5,0,0,0,1,47,6.4,,
Thomas Chabot,20242025,OTT,L,D,36,2,15,17,12,12,0.47,2,14,0,3,0,0,0,0,83,2.4,,
Evgenii Dadonov,20242025,DAL,L,R,35,10,6,16,9,4,0.46,8,14,2,2,0,0,0,0,61,16.4,,
Luke Kunin,20242025,SJS,R,C,39,10,6,16,-6,29,0.41,10,16,0,0,0,0,0,0,54,18.5,,49.5
Ondrej Palat,20242025,NJD,L,L,38,8,8,16,3,6,0.42,8,15,0,1,0,0,0,0,50,16.0,,18.8
Justin Brazeau,20242025,BOS,R,R,36,8,8,16,-6,2,0.44,4,11,4,5,0,0,0,2,53,15.1,,27.3
Morgan Geekie,20242025,BOS,R,C,33,8,8,16,-4,6,0.48,7,12,1,4,0,0,0,2,67,11.9,,46.9
Kris Letang,20242025,PIT,R,D,34,7,9,16,-17,16,0.47,3,7,3,8,1,1,0,0,84,8.3,,
Reilly Smith,20242025,NYR,L,R,34,7,9,16,0,10,0.47,6,13,0,2,1,1,0,2,54,13.0,,100.0
Frederick Gaudreau,20242025,MIN,R,C,37,7,9,16,3,6,0.43,6,15,1,1,0,0,0,1,52,13.5,,49.8
Evan Rodrigues,20242025,FLA,R,C,37,7,9,16,-7,14,0.43,6,13,1,3,0,0,0,1,67,10.5,,40.9
Barrett Hayton,20242025,UTA,L,C,35,7,9,16,7,9,0.46,6,14,1,2,0,0,0,2,52,13.5,,54.9
Shane Wright,20242025,SEA,R,C,34,7,9,16,0,12,0.47,3,10,4,6,0,0,0,2,35,20.0,,46.3
Patrick Kane,20242025,DET,L,R,31,6,10,16,-7,8,0.52,3,10,3,6,0,0,0,3,64,9.4,,25.0
Connor Brown,20242025,EDM,R,R,36,6,10,16,4,4,0.44,5,14,0,0,1,2,0,1,53,11.3,,47.4
Rasmus Andersson,20242025,CGY,R,D,36,6,10,16,-7,30,0.44,4,12,2,4,0,0,0,1,70,8.6,,
Charlie McAvoy,20242025,BOS,R,D,38,5,11,16,10,42,0.42,3,12,1,3,1,1,0,1,76,6.6,,
Jesperi Kotkaniemi,20242025,CAR,L,C,36,5,11,16,3,28,0.44,5,15,0,1,0,0,0,0,56,8.9,,49.7
Mason McTavish,20242025,ANA,L,C,29,5,11,16,-3,18,0.55,4,11,1,5,0,0,0,0,57,8.8,,49.5
Cutter Gauthier,20242025,ANA,L,L,35,5,11,16,0,8,0.46,3,11,2,5,0,0,0,1,72,6.9,,26.7
Bobby Brink,20242025,PHI,R,R,34,4,12,16,-10,10,0.47,4,14,0,2,0,0,0,1,48,8.3,,28.6
Vladislav Gavrikov,20242025,LAK,L,D,36,2,14,16,15,8,0.44,2,15,0,0,0,1,0,0,45,4.4,,
Samuel Girard,20242025,COL,L,D,37,2,14,16,3,10,0.43,2,15,0,1,0,0,1,1,47,4.3,,
Alex Vlasic,20242025,CHI,L,D,37,2,14,16,-11,4,0.43,1,7,1,9,0,0,0,0,62,3.2,,
Mason Lohrei,20242025,BOS,L,D,33,1,15,16,-9,8,0.48,1,9,0,7,0,0,0,0,29,3.5,,
Bobby McMann,20242025,TOR,L,C,29,10,5,15,7,8,0.52,10,15,0,0,0,0,0,2,71,14.1,,20.0
Keegan Kolesar,20242025,VGK,R,R,36,9,6,15,5,21,0.42,9,14,0,0,0,1,0,1,44,20.5,,33.3
Mathieu Olivier,20242025,CBJ,R,R,37,9,6,15,-4,72,0.41,8,14,0,0,1,1,0,3,43,20.9,,36.4
Nick Foligno,20242025,CHI,L,L,36,8,7,15,-15,17,0.42,6,12,2,3,0,0,0,1,51,15.7,,50.8
Eeli Tolvanen,20242025,SEA,L,R,37,8,7,15,-1,6,0.41,7,11,1,4,0,0,0,1,60,13.3,,40.0
Emil Heineman,20242025,MTL,L,L,35,8,7,15,1,12,0.43,6,12,2,3,0,0,0,0,37,21.6,,0.0
Alex Killorn,20242025,ANA,L,L,35,7,8,15,1,20,0.43,7,12,0,3,0,0,1,2,54,13.0,,50.0
Tanner Pearson,20242025,VGK,L,L,36,7,8,15,9,4,0.42,6,14,0,0,1,1,0,0,41,17.1,,36.4
Andrew Copp,20242025,DET,L,C,36,7,8,15,4,6,0.42,7,15,0,0,0,0,0,1,41,17.1,,50.8
Adam Fantilli,20242025,CBJ,L,C,37,7,8,15,-12,8,0.41,6,12,1,3,0,0,0,1,71,9.9,,41.6
Mason Appleton,20242025,WPG,R,C,37,6,9,15,8,6,0.41,6,15,0,0,0,0,0,1,60,10.0,,63.6
Mattias Ekholm,20242025,EDM,L,D,36,5,10,15,12,12,0.42,2,11,3,4,0,0,1,1,88,5.7,,
Yanni Gourde,20242025,SEA,L,C,33,5,10,15,-3,36,0.45,5,15,0,0,0,0,0,1,35,14.3,,49.4
Danton Heinen,20242025,VAN,L,L,35,5,10,15,4,29,0.43,4,13,1,2,0,0,0,0,30,16.7,,42.1
Kaapo Kakko,20242025,"NYR,SEA",L,R,34,5,10,15,8,14,0.44,4,13,1,2,0,0,0,1,50,10.0,,51.5
Rasmus Sandin,20242025,WSH,L,D,36,4,11,15,16,6,0.42,3,12,1,3,0,0,0,0,37,10.8,,
Michael Kesselring,20242025,UTA,R,D,35,4,11,15,10,28,0.43,4,14,0,1,0,0,1,1,62,6.5,,
Thomas Harley,20242025,DAL,L,D,33,4,11,15,18,6,0.45,4,15,0,0,0,0,0,0,74,5.4,,
Darnell Nurse,20242025,EDM,L,D,33,3,12,15,6,26,0.45,2,13,0,1,1,1,1,1,86,3.5,,
Jack McBain,20242025,UTA,L,C,35,9,5,14,9,45,0.4,9,14,0,0,0,0,0,1,34,26.5,,54.6
Andrew Mangiapane,20242025,WSH,L,L,35,8,6,14,6,8,0.4,7,13,0,0,1,1,0,2,46,17.4,,100.0
Paul Cotter,20242025,NJD,L,C,39,8,6,14,-2,33,0.36,8,14,0,0,0,0,0,2,48,16.7,,56.8
Vince Dunn,20242025,SEA,L,D,17,7,7,14,-3,12,0.82,6,10,1,4,0,0,1,2,37,18.9,,
Brandon Tanev,20242025,SEA,L,L,36,7,7,14,-10,6,0.39,7,14,0,0,0,0,0,0,62,11.3,,23.8
Yegor Chinakhov,20242025,CBJ,L,R,21,7,7,14,2,2,0.67,5,9,2,5,0,0,0,1,55,12.7,,
Marcus Foligno,20242025,MIN,L,L,37,6,8,14,10,32,0.38,6,14,0,0,0,0,0,1,39,15.4,,37.5
Josh Anderson,20242025,MTL,R,R,36,6,8,14,-3,42,0.39,6,14,0,0,0,0,0,0,45,13.3,,71.4
Joel Farabee,20242025,PHI,L,L,37,6,8,14,-13,17,0.38,6,11,0,3,0,0,0,0,77,7.8,,32.3
Eetu Luostarinen,20242025,FLA,L,C,37,5,9,14,4,12,0.38,4,12,0,0,1,2,0,2,39,12.8,,44.4
Jordan Staal,20242025,CAR,L,C,36,4,10,14,5,10,0.39,3,13,0,0,1,1,0,1,49,8.2,,54.6
Niko Mikkola,20242025,FLA,L,D,36,4,10,14,2,26,0.39,4,14,0,0,0,0,0,0,57,7.0,,
Sam Steel,20242025,DAL,L,C,34,4,10,14,-2,12,0.41,4,14,0,0,0,0,0,1,37,10.8,,53.5
Alex Turcotte,20242025,LAK,L,C,31,4,10,14,11,4,0.45,4,14,0,0,0,0,0,0,32,12.5,,40.2
Luke Evangelista,20242025,NSH,R,R,34,4,10,14,0,14,0.41,3,12,1,2,0,0,0,0,66,6.1,,
Simon Edvinsson,20242025,DET,L,D,32,4,10,14,4,16,0.44,4,14,0,0,0,0,1,1,39,10.3,,
Ivan Provorov,20242025,CBJ,L,D,37,3,11,14,2,14,0.38,2,12,1,2,0,0,0,0,44,6.8,,
Mattias Janmark,20242025,EDM,L,C,36,1,13,14,0,10,0.39,1,12,0,0,0,2,0,0,18,5.6,,43.2
Nic Dowd,20242025,WSH,R,C,36,10,3,13,10,36,0.36,9,12,0,0,1,1,0,1,49,20.4,,49.0
Charlie Coyle,20242025,BOS,R,C,38,10,3,13,-5,12,0.34,7,10,3,3,0,0,0,0,57,17.5,,50.0
Victor Olofsson,20242025,VGK,L,L,16,8,5,13,5,4,0.81,3,8,5,5,0,0,0,2,37,21.6,,0.0
Noah Cates,20242025,PHI,L,L,33,7,6,13,8,4,0.39,7,13,0,0,0,0,0,0,37,18.9,,50.7
Lars Eller,20242025,"PIT,WSH",L,C,34,6,7,13,-5,22,0.38,6,12,0,1,0,0,0,0,48,12.5,,54.5
Gustav Nyquist,20242025,NSH,L,R,35,6,7,13,-16,8,0.37,5,12,0,0,1,1,0,0,39,15.4,,57.1
Nicolas Roy,20242025,VGK,R,C,31,6,7,13,-7,31,0.42,6,11,0,2,0,0,0,2,52,11.5,,47.2
Jackson LaCombe,20242025,ANA,L,D,28,6,7,13,1,4,0.46,6,11,0,2,0,0,0,0,47,12.8,,
Will Smith,20242025,SJS,R,C,31,6,7,13,-12,6,0.42,4,9,2,4,0,0,0,1,45,13.3,,30.4
Gustav Forsling,20242025,FLA,L,D,37,5,8,13,17,10,0.35,4,11,0,0,1,2,1,1,93,5.4,,
Jake Middleton,20242025,MIN,L,D,29,5,8,13,22,15,0.45,5,13,0,0,0,0,0,0,44,11.4,,
Joel Eriksson Ek,20242025,MIN,L,C,23,5,8,13,9,4,0.57,4,11,1,2,0,0,0,0,59,8.5,,49.9
Jack Quinn,20242025,BUF,R,R,30,5,8,13,-12,4,0.43,4,7,1,6,0,0,0,1,56,8.9,,0.0
Jared Spurgeon,20242025,MIN,R,D,31,4,9,13,3,12,0.42,4,10,0,3,0,0,1,2,58,6.9,,
Marcus Johansson,20242025,MIN,L,L,36,4,9,13,-4,4,0.36,4,12,0,1,0,0,0,1,60,6.7,,25.0
Vladimir Tarasenko,20242025,DET,L,R,35,4,9,13,-9,4,0.37,3,9,1,4,0,0,0,0,60,6.7,,0.0
Nikolai Kovalenko,20242025,"COL,SJS",L,R,36,4,9,13,-6,10,0.36,2,10,2,3,0,0,0,0,31,12.9,,0.0
Max Domi,20242025,TOR,L,C,29,3,10,13,2,28,0.45,3,13,0,0,0,0,0,1,42,7.1,,46.8
Philip Broberg,20242025,STL,L,D,25,3,10,13,8,6,0.52,3,11,0,2,0,0,0,1,30,10.0,,
Nick Jensen,20242025,OTT,R,D,36,2,11,13,15,4,0.36,2,13,0,0,0,0,0,0,44,4.6,,
Marcus Pettersson,20242025,PIT,L,D,32,2,11,13,-4,21,0.41,2,12,0,0,0,1,0,1,32,6.3,,
Oliver Ekman-Larsson,20242025,TOR,L,D,37,1,12,13,7,28,0.35,1,13,0,0,0,0,0,0,63,1.6,,
Connor Murphy,20242025,CHI,R,D,37,1,12,13,-2,38,0.35,1,13,0,0,0,0,0,0,43,2.3,,
Devon Toews,20242025,COL,L,D,33,1,12,13,5,12,0.39,1,13,0,0,0,0,0,0,51,2.0,,
Chris Kreider,20242025,NYR,L,L,31,11,1,12,-7,18,0.39,5,6,4,4,2,2,0,4,86,12.8,,35.0
Joel Kiviranta,20242025,COL,L,L,37,10,2,12,7,12,0.32,10,12,0,0,0,0,0,2,48,20.8,,48.0
Anthony Beauvillier,20242025,PIT,L,L,38,9,3,12,1,8,0.32,9,11,0,1,0,0,0,0,63,14.3,,40.0
Blake Lizotte,20242025,PIT,L,C,22,8,4,12,6,14,0.55,6,10,1,1,1,1,0,0,19,42.1,,46.1
Jackson Blake,20242025,CAR,R,R,36,8,4,12,2,18,0.33,5,9,3,3,0,0,0,4,56,14.3,,40.0
Jason Dickinson,20242025,CHI,L,C,37,7,5,12,-3,12,0.32,7,12,0,0,0,0,0,0,35,20.0,,46.0
Ilya Mikheyev,20242025,CHI,L,R,35,7,5,12,2,8,0.34,6,11,0,0,1,1,0,1,59,11.9,,0.0
Leo Carlsson,20242025,ANA,L,C,29,7,5,12,-1,8,0.41,5,9,2,3,0,0,1,4,42,16.7,,37.7
Jeff Skinner,20242025,EDM,L,L,35,6,6,12,-11,6,0.34,6,11,0,1,0,0,0,0,79,7.6,,56.3
Michael Rasmussen,20242025,DET,L,C,35,6,6,12,0,11,0.34,5,10,1,2,0,0,0,0,37,16.2,,42.9
Filip Chytil,20242025,NYR,L,C,28,6,6,12,8,10,0.43,5,10,1,2,0,0,0,0,56,10.7,,45.1
Zach Benson,20242025,BUF,L,L,31,6,6,12,-3,30,0.39,5,11,1,1,0,0,0,0,48,12.5,,20.0
Max Pacioretty,20242025,TOR,L,L,24,5,7,12,4,12,0.5,5,12,0,0,0,0,0,1,44,11.4,,80.0
Alexander Kerfoot,20242025,UTA,L,C,35,5,7,12,-1,6,0.34,4,10,0,1,1,1,0,0,49,10.2,,49.4
Alex Iafallo,20242025,WPG,L,L,37,5,7,12,4,11,0.32,1,5,4,7,0,0,0,0,40,12.5,,42.9
Zack Bolduc,20242025,STL,L,C,32,5,7,12,7,14,0.38,4,11,1,1,0,0,0,0,44,11.4,,50.0
Olen Zellweger,20242025,ANA,L,D,32,4,8,12,1,10,0.38,3,7,1,5,0,0,0,0,75,5.3,,
Brent Burns,20242025,CAR,R,D,36,3,9,12,-4,8,0.33,3,11,0,1,0,0,0,0,76,4.0,,
Seth Jones,20242025,CHI,R,D,21,3,9,12,-10,8,0.57,1,6,2,6,0,0,0,1,43,7.0,,
Garnet Hathaway,20242025,PHI,R,R,37,3,9,12,1,33,0.32,3,12,0,0,0,0,0,0,47,6.4,,38.5
Christian Dvorak,20242025,MTL,L,C,36,3,9,12,-5,4,0.33,3,11,0,1,0,0,0,0,48,6.3,,55.0
Vasily Podkolzin,20242025,EDM,L,R,36,3,9,12,5,16,0.33,3,12,0,0,0,0,0,1,52,5.8,,23.5
Andre Burakovsky,20242025,SEA,L,L,34,2,10,12,-10,4,0.35,2,9,0,3,0,0,0,0,49,4.1,,100.0
Kevin Labanc,20242025,CBJ,R,R,27,2,10,12,2,10,0.44,2,12,0,0,0,0,0,0,27,7.4,,0.0
Ryan Poehling,20242025,PHI,L,C,34,2,10,12,-1,10,0.35,2,12,0,0,0,0,0,0,25,8.0,,50.4
Jordan Spence,20242025,LAK,R,D,35,2,10,12,8,14,0.34,2,10,0,2,0,0,0,0,35,5.7,,
Ryan Pulock,20242025,NYI,R,D,37,1,11,12,1,8,0.32,1,11,0,1,0,0,0,0,53,1.9,,
Darren Raddysh,20242025,TBL,R,D,26,1,11,12,6,4,0.46,1,11,0,1,0,0,0,0,35,2.9,,
Kevin Bahl,20242025,CGY,L,D,36,1,11,12,0,14,0.33,0,11,1,1,0,0,0,0,42,2.4,,
Trevor van Riemsdyk,20242025,WSH,R,D,36,0,12,12,11,10,0.33,0,12,0,0,0,0,0,0,49,0.0,,
Ross Colton,20242025,COL,L,C,20,10,1,11,-3,0,0.55,6,6,4,5,0,0,0,2,51,19.6,,40.3
Jakub Vrana,20242025,WSH,L,L,23,7,4,11,5,6,0.48,4,8,3,3,0,0,0,3,27,25.9,,28.6
Mitchell Chaffee,20242025,TBL,R,R,30,7,4,11,4,8,0.37,5,9,2,2,0,0,0,2,30,23.3,,25.0
Corey Perry,20242025,EDM,R,R,36,6,5,11,-2,18,0.31,6,9,0,2,0,0,0,1,34,17.7,,50.0
Jordan Eberle,20242025,SEA,R,R,17,6,5,11,3,6,0.65,5,9,1,2,0,0,1,1,29,20.7,,33.3
Cole Koepke,20242025,BOS,L,L,36,6,5,11,9,8,0.31,6,11,0,0,0,0,0,1,41,14.6,,
Mackie Samoskevich,20242025,FLA,R,R,32,6,5,11,-2,6,0.34,5,9,1,2,0,0,0,4,39,15.4,,
Erik Haula,20242025,NJD,L,L,39,5,6,11,-3,29,0.28,4,8,1,3,0,0,0,0,67,7.5,,55.6
Nick Cousins,20242025,OTT,L,C,34,5,6,11,1,25,0.32,5,11,0,0,0,0,0,0,52,9.6,,16.7
Brett Kulak,20242025,EDM,L,D,36,5,6,11,2,6,0.31,5,11,0,0,0,0,0,0,56,8.9,,
Trent Frederic,20242025,BOS,L,C,38,5,6,11,-13,28,0.29,4,8,1,3,0,0,0,0,54,9.3,,44.4
Jesper Boqvist,20242025,FLA,L,C,34,5,6,11,-5,8,0.32,4,10,0,0,1,1,0,0,31,16.1,,40.3
Ridly Greig,20242025,OTT,L,C,33,5,6,11,-7,22,0.33,2,6,2,4,1,1,0,0,46,10.9,,51.2
Zach Aston-Reese,20242025,CBJ,L,C,36,4,7,11,-5,15,0.31,4,11,0,0,0,0,0,1,52,7.7,,33.3
Mark Kastelic,20242025,BOS,R,C,37,4,7,11,5,74,0.3,4,11,0,0,0,0,0,0,46,8.7,,54.3
Brett Leason,20242025,ANA,R,R,28,4,7,11,-1,10,0.39,3,9,1,2,0,0,0,0,46,8.7,,28.6
Peyton Krebs,20242025,BUF,L,C,36,4,7,11,-1,19,0.31,4,11,0,0,0,0,0,0,30,13.3,,54.3
Kirby Dach,20242025,MTL,R,C,36,4,7,11,-21,26,0.31,4,7,0,4,0,0,0,1,58,6.9,,38.2
Jonas Brodin,20242025,MIN,L,D,27,3,8,11,7,6,0.41,3,10,0,0,0,1,0,1,48,6.3,,
Brady Skjei,20242025,NSH,L,D,36,3,8,11,-5,14,0.31,2,8,1,3,0,0,0,1,73,4.1,,
Lukas Reichel,20242025,CHI,L,L,33,3,8,11,-5,6,0.33,3,10,0,1,0,0,0,0,40,7.5,,35.9
Brenden Dillon,20242025,NJD,L,D,39,2,9,11,7,44,0.28,2,11,0,0,0,0,0,0,23,8.7,,
Nick Seeler,20242025,PHI,L,D,32,2,9,11,1,14,0.34,2,11,0,0,0,0,0,0,35,5.7,,
Esa Lindell,20242025,DAL,L,D,35,2,9,11,8,8,0.31,2,11,0,0,0,0,0,0,54,3.7,,
Martin Pospisil,20242025,CGY,L,C,36,2,9,11,2,51,0.31,1,8,1,3,0,0,0,0,49,4.1,,39.7
Alexandre Carrier,20242025,"NSH,MTL",R,D,33,1,10,11,-11,12,0.33,1,10,0,0,0,1,0,0,31,3.2,,
Johnathan Kovacevic,20242025,NJD,R,D,39,1,10,11,16,33,0.28,1,11,0,0,0,0,0,1,36,2.8,,
Patrik Laine,20242025,MTL,R,L,12,8,2,10,-4,4,0.83,0,2,8,8,0,0,0,2,37,21.6,,54.6
Craig Smith,20242025,CHI,R,C,26,6,4,10,-4,20,0.38,5,9,1,1,0,0,0,1,52,11.5,,31.3
Kevin Stenlund,20242025,UTA,R,C,35,6,4,10,-8,10,0.29,5,9,0,0,1,1,0,0,49,12.2,,59.7
Conor Geekie,20242025,TBL,L,C,33,5,5,10,3,12,0.3,4,9,1,1,0,0,0,2,40,12.5,,40.0
Brandon Saad,20242025,STL,L,L,32,4,6,10,-8,4,0.31,4,8,0,2,0,0,0,0,45,8.9,,25.0
Joel Edmundson,20242025,LAK,L,D,34,4,6,10,11,14,0.29,4,10,0,0,0,0,0,1,46,8.7,,
Mikey Anderson,20242025,LAK,L,D,36,4,6,10,11,16,0.28,4,10,0,0,0,0,0,0,41,9.8,,
Nick Perbix,20242025,TBL,R,D,29,4,6,10,7,14,0.34,4,10,0,0,0,0,0,1,35,11.4,,
Trevor Zegras,20242025,ANA,L,C,24,4,6,10,-7,10,0.42,3,9,1,1,0,0,0,0,46,8.7,,38.2
Adam Henrique,20242025,EDM,L,C,36,3,7,10,1,8,0.28,3,9,0,1,0,0,0,0,56,5.4,,53.5
Matias Maccelli,20242025,UTA,L,L,35,3,7,10,-6,2,0.29,3,9,0,1,0,0,0,0,44,6.8,,60.0
Drew O'Connor,20242025,PIT,L,L,38,3,7,10,-15,16,0.26,2,8,0,1,1,1,0,0,56,5.4,,42.9
Cody Ceci,20242025,SJS,R,D,39,2,8,10,-10,10,0.26,2,10,0,0,0,0,0,1,43,4.7,,
Michael Amadio,20242025,OTT,R,R,33,2,8,10,-1,12,0.3,2,10,0,0,0,0,0,0,39,5.1,,52.7
J.J. Moser,20242025,TBL,L,D,27,2,8,10,13,12,0.37,1,8,0,1,1,1,0,0,28,7.1,,
Ryan McDonagh,20242025,TBL,L,D,34,1,9,10,22,10,0.29,0,9,0,0,1,1,0,0,34,2.9,,
Chris Tanev,20242025,TOR,R,D,36,1,9,10,13,16,0.28,1,9,0,0,0,1,0,0,16,6.3,,
Justin Faulk,20242025,STL,R,D,36,1,9,10,-7,14,0.28,1,6,0,4,0,0,0,0,62,1.6,,
Jaccob Slavin,20242025,CAR,L,D,36,1,9,10,6,4,0.28,1,10,0,0,0,0,0,0,42,2.4,,
Andrei Kuzmenko,20242025,CGY,R,L,29,1,9,10,-6,8,0.34,0,7,1,3,0,0,0,1,30,3.3,,
Alex Newhook,20242025,MTL,L,C,36,7,2,9,-11,12,0.25,6,8,1,1,0,0,0,1,44,15.9,,44.6
Jiri Kulich,20242025,BUF,L,C,27,7,2,9,1,4,0.33,7,9,0,0,0,0,1,2,60,11.7,,50.3
Yegor Sharangovich,20242025,CGY,L,C,29,6,3,9,-11,4,0.31,3,5,3,4,0,0,0,0,64,9.4,,50.8
Nicholas Robertson,20242025,TOR,L,L,30,6,3,9,3,6,0.3,6,9,0,0,0,0,0,0,44,13.6,,66.7
Shane Pinto,20242025,OTT,R,C,28,6,3,9,-2,12,0.32,6,7,0,1,0,1,0,3,51,11.8,,51.6
Robby Fabbri,20242025,ANA,L,C,22,5,4,9,-3,12,0.41,5,9,0,0,0,0,0,0,32,15.6,,47.3
Tommy Novak,20242025,NSH,L,C,29,5,4,9,1,4,0.31,5,7,0,2,0,0,0,1,50,10.0,,43.4
James van Riemsdyk,20242025,CBJ,L,L,30,4,5,9,-8,8,0.3,4,9,0,0,0,0,0,0,31,12.9,,20.0
William Carrier,20242025,CAR,L,L,36,4,5,9,2,14,0.25,4,9,0,0,0,0,0,1,38,10.5,,45.5
Viktor Arvidsson,20242025,EDM,R,L,21,4,5,9,3,10,0.43,4,7,0,2,0,0,0,0,51,7.8,,40.9
A.J. Greer,20242025,FLA,L,L,37,4,5,9,1,62,0.24,3,8,0,0,1,1,0,2,46,8.7,,37.0
Brandon Duhaime,20242025,WSH,L,R,36,4,5,9,4,39,0.25,4,9,0,0,0,0,0,0,46,8.7,,53.9
Logan O'Connor,20242025,COL,R,R,37,4,5,9,-3,15,0.24,4,8,0,0,0,1,0,0,41,9.8,,35.5
Nico Sturm,20242025,SJS,L,C,34,4,5,9,-5,11,0.26,4,9,0,0,0,0,0,1,23,17.4,,60.8
Zachary L'Heureux,20242025,NSH,L,L,31,4,5,9,-8,12,0.29,4,9,0,0,0,0,0,0,38,10.5,,0.0
Tomas Tatar,20242025,NJD,L,L,35,3,6,9,-1,12,0.26,2,6,1,3,0,0,0,0,31,9.7,,33.3
Sean Kuraly,20242025,CBJ,L,C,37,3,6,9,0,14,0.24,3,9,0,0,0,0,0,0,33,9.1,,51.9
Jalen Chatfield,20242025,CAR,R,D,36,3,6,9,13,12,0.25,3,9,0,0,0,0,0,1,54,5.6,,
Parker Kelly,20242025,COL,L,C,37,3,6,9,-4,12,0.24,2,8,0,0,1,1,0,0,46,6.5,,43.2
Jack Drury,20242025,CAR,L,C,28,3,6,9,4,8,0.32,3,8,0,1,0,0,0,1,41,7.3,,56.4
Cam York,20242025,PHI,L,D,23,3,6,9,1,16,0.39,3,9,0,0,0,0,0,0,26,11.5,,
Nikita Zadorov,20242025,BOS,L,D,38,2,7,9,7,74,0.24,2,9,0,0,0,0,0,0,46,4.4,,
Braden Schneider,20242025,NYR,R,D,35,2,7,9,5,6,0.26,2,9,0,0,0,0,0,0,46,4.4,,
Alexander Holtz,20242025,VGK,R,R,36,2,7,9,-2,6,0.25,2,8,0,1,0,0,0,0,49,4.1,,10.0
Ian Cole,20242025,UTA,L,D,35,1,8,9,-2,39,0.26,1,9,0,0,0,0,0,0,39,2.6,,
Patrick Maroon,20242025,CHI,L,L,34,1,8,9,-6,32,0.26,1,9,0,0,0,0,0,0,35,2.9,,56.4
David Savard,20242025,MTL,R,D,34,1,8,9,0,22,0.26,1,9,0,0,0,0,0,0,22,4.6,,
Cam Fowler,20242025,"ANA,STL",L,D,25,1,8,9,-2,10,0.36,1,8,0,1,0,0,0,0,29,3.5,,
Rasmus Ristolainen,20242025,PHI,R,D,37,1,8,9,-3,4,0.24,1,9,0,0,0,0,0,1,48,2.1,,
Filip Hronek,20242025,VAN,R,D,21,1,8,9,14,18,0.43,1,7,0,2,0,0,0,0,24,4.2,,
Oskar Bäck,20242025,DAL,L,C,30,1,8,9,4,2,0.3,1,8,0,0,0,1,0,0,18,5.6,,54.1
Declan Chisholm,20242025,MIN,L,D,31,1,8,9,1,2,0.29,1,8,0,1,0,0,0,0,36,2.8,,
Jake McCabe,20242025,TOR,L,D,32,0,9,9,6,25,0.28,0,9,0,0,0,0,0,0,33,0.0,,
Tanner Jeannot,20242025,LAK,L,L,33,5,3,8,4,53,0.24,5,8,0,0,0,0,0,1,30,16.7,,42.9
Ivan Ivan,20242025,COL,L,C,37,5,3,8,-7,8,0.22,3,5,2,3,0,0,0,0,34,14.7,,40.7
Nick Bjugstad,20242025,UTA,R,C,27,4,4,8,-6,8,0.3,3,7,1,1,0,0,0,0,43,9.3,,46.9
Colin Blackwell,20242025,DAL,R,C,30,4,4,8,2,4,0.27,3,7,0,0,1,1,0,0,36,11.1,,45.8
Brock McGinn,20242025,ANA,L,L,26,4,4,8,1,0,0.31,4,8,0,0,0,0,0,0,30,13.3,,12.5
Noel Acciari,20242025,PIT,R,C,38,4,4,8,-11,10,0.21,4,7,0,0,0,1,0,0,38,10.5,,50.8
Philip Tomasino,20242025,"NSH,PIT",R,R,25,4,4,8,-4,2,0.32,2,4,2,4,0,0,0,3,45,8.9,,55.6
Mark Jankowski,20242025,NSH,L,L,28,3,5,8,0,8,0.29,3,8,0,0,0,0,0,0,35,8.6,,51.0
Nate Schmidt,20242025,FLA,L,D,35,3,5,8,-5,7,0.23,3,5,0,3,0,0,0,0,23,13.0,,
Jesse Puljujarvi,20242025,PIT,R,R,21,3,5,8,-2,8,0.38,3,7,0,1,0,0,0,0,34,8.8,,0.0
Dante Fabbro,20242025,"NSH,CBJ",R,D,27,3,5,8,8,16,0.3,3,8,0,0,0,0,0,1,34,8.8,,
Dennis Cholowski,20242025,NYI,L,D,23,3,5,8,3,4,0.35,3,7,0,1,0,0,0,0,22,13.6,,
Michael Carcone,20242025,UTA,L,L,25,3,5,8,-2,21,0.32,3,7,0,1,0,0,0,0,44,6.8,,0.0
Justin Danforth,20242025,CBJ,R,R,25,3,5,8,-7,8,0.32,2,6,0,1,1,1,0,0,49,6.1,,48.2
Pavel Mintyukov,20242025,ANA,L,D,29,3,5,8,-2,6,0.28,3,7,0,1,0,0,0,0,37,8.1,,
TJ Brodie,20242025,CHI,L,D,34,2,6,8,-15,12,0.24,2,8,0,0,0,0,0,0,15,13.3,,
Colin Miller,20242025,WPG,R,D,30,2,6,8,10,20,0.27,2,8,0,0,0,0,0,0,38,5.3,,
Justin Kirkland,20242025,CGY,L,C,21,2,6,8,6,11,0.38,2,8,0,0,0,0,0,0,9,22.2,,42.9
Sean Walker,20242025,CAR,R,D,36,2,6,8,-5,22,0.22,2,8,0,0,0,0,0,0,57,3.5,,
John Beecher,20242025,BOS,L,C,36,2,6,8,2,8,0.22,2,8,0,0,0,0,0,0,21,9.5,,56.6
Kaiden Guhle,20242025,MTL,L,D,30,2,6,8,-1,19,0.27,2,8,0,0,0,0,0,0,33,6.1,,
Tyler Myers,20242025,VAN,R,D,35,1,7,8,-2,29,0.23,1,8,0,0,0,0,0,0,32,3.1,,
Jonas Siegenthaler,20242025,NJD,L,D,39,1,7,8,11,32,0.21,1,8,0,0,0,0,0,0,36,2.8,,
Matt Roy,20242025,WSH,R,D,26,1,7,8,4,10,0.31,1,8,0,0,0,0,0,0,36,2.8,,
Cody Glass,20242025,PIT,R,C,25,1,7,8,-10,4,0.32,1,7,0,1,0,0,0,0,36,2.8,,50.4
Zac Jones,20242025,NYR,L,D,26,1,7,8,2,10,0.31,1,7,0,1,0,0,0,0,24,4.2,,
Uvis Balinskis,20242025,FLA,L,D,34,1,7,8,-7,17,0.24,1,5,0,3,0,0,0,0,47,2.1,,0.0
Erik Cernak,20242025,TBL,R,D,32,0,8,8,12,18,0.25,0,6,0,0,0,2,0,0,23,0.0,,
Ilya Lyubushkin,20242025,DAL,R,D,35,0,8,8,8,10,0.23,0,8,0,0,0,0,0,0,21,0.0,,
Henry Thrun,20242025,SJS,L,D,32,0,8,8,-5,15,0.25,0,8,0,0,0,0,0,0,26,0.0,,
Hendrix Lapierre,20242025,WSH,L,C,27,0,8,8,-3,4,0.3,0,8,0,0,0,0,0,0,18,0.0,,39.6
Emil Lilleberg,20242025,TBL,L,D,31,0,8,8,-1,41,0.26,0,8,0,0,0,0,0,0,18,0.0,,
Kevin Hayes,20242025,PIT,L,R,22,4,3,7,-11,2,0.32,2,3,2,4,0,0,0,1,22,18.2,,59.8
Ryan Hartman,20242025,MIN,R,R,32,4,3,7,-9,30,0.22,3,6,1,1,0,0,0,0,80,5.0,,48.1
Anthony Mantha,20242025,CGY,L,R,13,4,3,7,6,11,0.54,2,5,1,1,1,1,0,1,15,26.7,,33.3
Nathan Walker,20242025,STL,L,L,32,4,3,7,-4,17,0.22,4,6,0,0,0,1,0,0,32,12.5,,45.7
Lawson Crouse,20242025,UTA,L,L,35,4,3,7,-4,22,0.2,3,6,1,1,0,0,0,0,52,7.7,,33.3
Joe Veleno,20242025,DET,L,C,32,4,3,7,-6,11,0.22,4,7,0,0,0,0,0,0,28,14.3,,47.0
Jonatan Berggren,20242025,DET,L,R,34,4,3,7,-6,10,0.21,3,6,1,1,0,0,0,0,47,8.5,,50.0
Trevor Lewis,20242025,LAK,R,C,25,3,4,7,3,8,0.28,3,7,0,0,0,0,0,0,25,12.0,,51.0
Dmitry Kulikov,20242025,FLA,L,D,37,3,4,7,8,28,0.19,3,6,0,1,0,0,0,0,41,7.3,,
Hampus Lindholm,20242025,BOS,L,D,17,3,4,7,-4,4,0.41,3,6,0,1,0,0,0,1,35,8.6,,
Pierre Engvall,20242025,NYI,L,L,22,3,4,7,-2,10,0.32,3,7,0,0,0,0,0,1,28,10.7,,44.4
Jordan Greenway,20242025,BUF,L,L,20,3,4,7,-1,13,0.35,3,7,0,0,0,0,0,0,24,12.5,,9.1
Mathew Barzal,20242025,NYI,R,C,16,3,4,7,-3,2,0.44,2,4,1,3,0,0,0,0,43,7.0,,50.0
Beck Malenstyn,20242025,BUF,L,L,37,3,4,7,-3,15,0.19,3,7,0,0,0,0,0,0,33,9.1,,66.7
Timothy Liljegren,20242025,"TOR,SJS",R,D,27,3,4,7,-6,18,0.26,3,6,0,1,0,0,0,0,46,6.5,,
Erik Brannstrom,20242025,VAN,L,D,27,3,4,7,-3,12,0.26,3,7,0,0,0,0,0,1,32,9.4,,
Jamie Oleksiak,20242025,SEA,L,D,37,2,5,7,-3,10,0.19,2,7,0,0,0,0,0,1,32,6.3,,
Radek Faksa,20242025,STL,L,C,30,2,5,7,-7,14,0.23,2,7,0,0,0,0,0,0,30,6.7,,53.7
Egor Zamula,20242025,PHI,L,D,27,2,5,7,-13,0,0.26,2,7,0,0,0,0,0,1,17,11.8,,
Mavrik Bourque,20242025,DAL,R,C,30,2,5,7,0,2,0.23,2,7,0,0,0,0,0,0,27,7.4,,41.3
Marco Kasper,20242025,DET,L,C,31,2,5,7,-8,12,0.23,0,4,2,3,0,0,0,0,46,4.4,,48.8
Ryan Suter,20242025,STL,L,D,38,1,6,7,-3,14,0.18,1,7,0,0,0,0,0,0,29,3.5,,
Conor Timmins,20242025,TOR,R,D,33,1,6,7,7,18,0.21,1,7,0,0,0,0,0,0,33,3.0,,
Jake Christiansen,20242025,CBJ,L,D,37,1,6,7,1,11,0.19,1,7,0,0,0,0,0,0,40,2.5,,
Radko Gudas,20242025,ANA,R,D,35,0,7,7,-2,42,0.2,0,7,0,0,0,0,0,0,31,0.0,,
Jacob Trouba,20242025,"NYR,ANA",R,D,34,0,7,7,-4,26,0.21,0,7,0,0,0,0,0,0,58,0.0,,
Connor Clifton,20242025,BUF,R,D,35,0,7,7,3,23,0.2,0,7,0,0,0,0,0,0,29,0.0,,
Martin Fehervary,20242025,WSH,L,D,36,0,7,7,4,13,0.19,0,6,0,0,0,1,0,0,33,0.0,,
Cole Schwindt,20242025,VGK,R,R,29,0,7,7,4,0,0.24,0,7,0,0,0,0,0,0,24,0.0,,49.7
Kasperi Kapanen,20242025,"STL,EDM",R,R,26,5,1,6,-11,4,0.23,5,6,0,0,0,0,0,2,31,16.1,,0.0
Noah Gregor,20242025,OTT,L,L,31,4,2,6,-7,17,0.19,3,5,0,0,1,1,0,2,42,9.5,,50.0
Isac Lundestrom,20242025,ANA,L,C,33,4,2,6,-1,2,0.18,4,6,0,0,0,0,0,1,31,12.9,,45.7
Anthony Duclair,20242025,NYI,L,L,9,3,3,6,-2,0,0.67,2,5,1,1,0,0,0,0,14,21.4,,
Steven Lorentz,20242025,TOR,L,C,37,3,3,6,0,0,0.16,3,6,0,0,0,0,0,1,30,10.0,,40.0
Dylan Samberg,20242025,WPG,L,D,21,3,3,6,12,18,0.29,3,6,0,0,0,0,0,1,27,11.1,,
Tye Kartye,20242025,SEA,L,L,34,3,3,6,-7,18,0.18,3,6,0,0,0,0,0,0,31,9.7,,25.0
Zach Bogosian,20242025,MIN,R,D,37,2,4,6,-1,21,0.16,2,6,0,0,0,0,0,0,42,4.8,,
Brayden McNabb,20242025,VGK,L,D,36,2,4,6,22,20,0.17,1,4,0,0,1,2,0,0,47,4.3,,
Anthony Richard,20242025,PHI,L,C,7,2,4,6,4,0,0.86,2,5,0,1,0,0,0,0,10,20.0,,
Mario Ferraro,20242025,SJS,L,D,39,2,4,6,-17,23,0.15,2,6,0,0,0,0,0,0,38,5.3,,
K'Andre Miller,20242025,NYR,L,D,29,2,4,6,-6,8,0.21,2,6,0,0,0,0,0,0,46,4.4,,
Pontus Holmberg,20242025,TOR,L,R,32,2,4,6,-3,19,0.19,1,5,0,0,1,1,0,0,23,8.7,,48.6
Scott Perunovich,20242025,STL,L,D,22,2,4,6,0,6,0.27,2,6,0,0,0,0,0,0,9,22.2,,
Nils Hoglander,20242025,VAN,L,L,33,2,4,6,-3,20,0.18,2,6,0,0,0,0,0,1,31,6.5,,
Jeff Petry,20242025,DET,R,D,32,1,5,6,-7,10,0.19,1,5,0,1,0,0,0,1,22,4.6,,
Ben Chiarot,20242025,DET,L,D,35,1,5,6,-3,39,0.17,1,5,0,1,0,0,0,0,40,2.5,,
Sam Carrick,20242025,NYR,R,C,35,1,5,6,-3,32,0.17,1,5,0,0,0,1,0,1,30,3.3,,58.5
Josh Manson,20242025,COL,R,D,25,1,5,6,-9,16,0.24,1,5,0,1,0,0,0,0,30,3.3,,
Scott Mayfield,20242025,NYI,R,D,36,1,5,6,14,21,0.17,1,6,0,0,0,0,0,0,27,3.7,,
Adam Larsson,20242025,SEA,R,D,37,1,5,6,0,17,0.16,1,6,0,0,0,0,0,0,49,2.0,,
Carson Soucy,20242025,VAN,L,D,35,1,5,6,-8,24,0.17,1,6,0,0,0,0,0,1,41,2.4,,
Brett Pesce,20242025,NJD,R,D,30,1,5,6,2,6,0.2,0,5,0,0,1,1,0,0,45,2.2,,
Alexey Toropchenko,20242025,STL,L,R,36,1,5,6,-4,15,0.17,1,6,0,0,0,0,0,0,35,2.9,,50.0
Daniil Miromanov,20242025,CGY,R,D,29,1,5,6,1,6,0.21,1,6,0,0,0,0,0,1,35,2.9,,
Nolan Allan,20242025,CHI,L,D,30,1,5,6,-3,12,0.2,1,6,0,0,0,0,0,0,11,9.1,,
Calvin de Haan,20242025,COL,L,D,30,0,6,6,-6,8,0.2,0,6,0,0,0,0,0,0,35,0.0,,
Brian Dumoulin,20242025,ANA,L,D,35,0,6,6,0,4,0.17,0,6,0,0,0,0,0,0,36,0.0,,
Dylan DeMelo,20242025,WPG,R,D,37,0,6,6,16,20,0.16,0,6,0,0,0,0,0,0,33,0.0,,
Erik Gustafsson,20242025,DET,L,D,28,0,6,6,-12,14,0.21,0,2,0,4,0,0,0,0,36,0.0,,
Haydn Fleury,20242025,WPG,L,D,25,0,6,6,-7,4,0.24,0,6,0,0,0,0,0,0,27,0.0,,
Andrew Peeke,20242025,BOS,R,D,32,0,6,6,-3,2,0.19,0,5,0,0,0,1,0,0,30,0.0,,
Alexander Romanov,20242025,NYI,L,D,26,0,6,6,1,18,0.23,0,6,0,0,0,0,0,0,33,0.0,,
Cam Atkinson,20242025,TBL,R,R,21,3,2,5,-4,4,0.24,2,4,1,1,0,0,0,0,26,11.5,,50.0
Oskar Sundqvist,20242025,STL,R,C,27,3,2,5,-4,18,0.19,2,4,1,1,0,0,0,0,17,17.7,,42.5
Michael Eyssimont,20242025,TBL,L,C,32,3,2,5,-1,28,0.16,3,5,0,0,0,0,0,0,59,5.1,,20.0
Philipp Kurashev,20242025,CHI,L,C,30,3,2,5,-27,12,0.17,2,4,1,1,0,0,1,1,35,8.6,,48.3
Mikael Pyyhtia,20242025,CBJ,L,L,27,3,2,5,-11,2,0.19,3,5,0,0,0,0,0,0,22,13.6,,50.0
Michael McCarron,20242025,NSH,R,C,28,2,3,5,-14,36,0.18,2,5,0,0,0,0,0,0,23,8.7,,53.1
Daniel Sprong,20242025,"VAN,SEA",R,R,19,2,3,5,-1,2,0.26,1,4,1,1,0,0,0,1,31,6.5,,0.0
Yakov Trenin,20242025,MIN,L,C,32,2,3,5,8,14,0.16,1,4,0,0,1,1,0,0,24,8.3,,31.8
Nathan Bastian,20242025,NJD,R,R,21,2,3,5,1,21,0.24,1,4,0,0,1,1,0,1,20,10.0,,42.9
Troy Stecher,20242025,EDM,R,D,32,2,3,5,-2,21,0.16,2,5,0,0,0,0,0,0,30,6.7,,
Alexandre Texier,20242025,STL,L,C,19,2,3,5,-6,6,0.26,2,4,0,1,0,0,0,0,31,6.5,,0.0
Mattias Samuelsson,20242025,BUF,L,D,22,2,3,5,-5,4,0.23,2,5,0,0,0,0,0,0,25,8.0,,
Kyle MacLean,20242025,NYI,L,C,37,2,3,5,-7,10,0.14,2,5,0,0,0,0,0,0,28,7.1,,50.2
Drew Helleson,20242025,ANA,R,D,13,2,3,5,0,8,0.38,2,5,0,0,0,0,0,0,14,14.3,,
Jayden Struble,20242025,MTL,L,D,22,2,3,5,-6,29,0.23,2,5,0,0,0,0,0,0,26,7.7,,
Vladislav Kolyachonok,20242025,UTA,L,D,19,2,3,5,-5,2,0.26,2,5,0,0,0,0,0,1,11,18.2,,
Juuso Parssinen,20242025,NSH,L,C,15,2,3,5,-8,0,0.33,2,4,0,1,0,0,0,0,11,18.2,,46.8
Cole Smith,20242025,NSH,L,R,34,2,3,5,-9,20,0.15,2,4,0,0,0,1,0,0,29,6.9,,44.4
Jack Thompson,20242025,SJS,R,D,14,2,3,5,-8,6,0.36,2,2,0,3,0,0,0,0,17,11.8,,
Tomas Nosek,20242025,FLA,L,L,25,1,4,5,5,6,0.2,0,3,1,1,0,1,0,0,21,4.8,,50.7
Brandon Carlo,20242025,BOS,R,D,38,1,4,5,0,14,0.13,1,5,0,0,0,0,0,0,37,2.7,,
Ryan Lindgren,20242025,NYR,L,D,30,1,4,5,-3,20,0.17,1,4,0,0,0,1,0,0,24,4.2,,
Carl Grundstrom,20242025,SJS,L,R,30,1,4,5,-5,12,0.17,1,5,0,0,0,0,0,0,38,2.6,,25.0
Logan Stanley,20242025,WPG,L,D,23,1,4,5,5,53,0.22,1,5,0,0,0,0,0,0,13,7.7,,
David Kampf,20242025,TOR,L,C,24,1,4,5,-1,2,0.21,1,4,0,0,0,1,0,0,21,4.8,,53.9
Jan Rutta,20242025,SJS,R,D,39,1,4,5,-4,26,0.13,1,5,0,0,0,0,0,0,44,2.3,,
Emil Andrae,20242025,PHI,L,D,20,1,4,5,3,12,0.25,1,3,0,2,0,0,0,0,25,4.0,,
Jamie Drysdale,20242025,PHI,R,D,25,1,4,5,-13,2,0.2,0,2,1,3,0,0,0,0,22,4.6,,
Arber Xhekaj,20242025,MTL,L,D,33,1,4,5,-2,50,0.15,1,5,0,0,0,0,0,0,40,2.5,,
Isaiah George,20242025,NYI,L,D,23,1,4,5,1,4,0.22,1,5,0,0,0,0,0,1,16,6.3,,
Victor Mancini,20242025,NYR,R,D,15,1,4,5,-3,2,0.33,1,5,0,0,0,0,0,0,20,5.0,,
Max Sasson,20242025,VAN,L,C,13,1,4,5,3,0,0.38,1,5,0,0,0,0,0,0,13,7.7,,50.0
Sam Malinski,20242025,COL,R,D,37,1,4,5,1,6,0.14,1,5,0,0,0,0,0,0,57,1.8,,
Olli Maatta,20242025,"DET,UTA",L,D,32,0,5,5,6,10,0.16,0,5,0,0,0,0,0,0,24,0.0,,
Adam Pelech,20242025,NYI,L,D,17,0,5,5,-4,2,0.29,0,5,0,0,0,0,0,0,35,0.0,,
Casey Cizikas,20242025,NYI,L,C,37,3,1,4,-11,6,0.11,3,4,0,0,0,0,0,1,31,9.7,,54.5
Jimmy Vesey,20242025,NYR,L,L,20,3,1,4,-2,0,0.2,3,4,0,0,0,0,0,0,21,14.3,,42.9
Kevin Rooney,20242025,CGY,L,C,28,3,1,4,-1,8,0.14,3,4,0,0,0,0,0,0,24,12.5,,44.3
Morgan Barron,20242025,WPG,L,C,37,3,1,4,2,8,0.11,1,2,0,0,2,2,0,0,43,7.0,,66.7
Seamus Casey,20242025,NJD,R,D,8,3,1,4,2,0,0.5,1,2,2,2,0,0,0,1,6,50.0,,
Barclay Goodrow,20242025,SJS,L,C,34,2,2,4,-19,34,0.12,1,3,0,0,1,1,0,0,38,5.3,,50.9
Luke Glendening,20242025,TBL,R,C,34,2,2,4,-2,6,0.12,1,2,0,0,1,2,0,0,25,8.0,,57.0
Colton Sissons,20242025,NSH,R,C,35,2,2,4,-16,14,0.11,2,4,0,0,0,0,0,0,32,6.3,,56.0
Jonny Brodzinski,20242025,NYR,R,C,16,2,2,4,3,4,0.25,2,4,0,0,0,0,0,0,20,10.0,,50.0
Jonathan Drouin,20242025,COL,L,L,5,2,2,4,-2,0,0.8,2,3,0,1,0,0,0,0,6,33.3,,50.0
Dakota Joshua,20242025,VAN,L,C,21,2,2,4,-4,13,0.19,2,4,0,0,0,0,0,0,8,25.0,,75.0
Mathieu Joseph,20242025,STL,L,R,24,2,2,4,-6,8,0.17,2,4,0,0,0,0,0,0,29,6.9,,51.6
Juuso Valimaki,20242025,UTA,L,D,29,2,2,4,-1,8,0.14,2,4,0,0,0,0,0,0,28,7.1,,
Nicolas Hague,20242025,VGK,L,D,25,2,2,4,-3,15,0.16,2,4,0,0,0,0,0,1,28,7.1,,
Oliver Wahlstrom,20242025,"NYI,BOS",R,R,31,2,2,4,-8,26,0.13,2,3,0,1,0,0,0,1,35,5.7,,80.0
Adam Boqvist,20242025,FLA,R,D,14,2,2,4,-5,4,0.29,2,2,0,2,0,0,0,0,18,11.1,,
Jakub Lauko,20242025,MIN,L,C,24,2,2,4,-6,16,0.17,1,3,0,0,1,1,0,1,19,10.5,,16.7
Adam Edstrom,20242025,NYR,L,C,35,2,2,4,-6,23,0.11,2,4,0,0,0,0,0,0,29,6.9,,0.0
Aatu Raty,20242025,VAN,L,C,20,2,2,4,-2,8,0.2,2,4,0,0,0,0,0,0,12,16.7,,56.3
Fraser Minten,20242025,TOR,L,C,11,2,2,4,0,0,0.36,2,3,0,1,0,0,0,1,13,15.4,,45.1
Alec Martinez,20242025,CHI,L,D,15,1,3,4,-7,0,0.27,1,3,0,1,0,0,0,0,15,6.7,,
Ross Johnston,20242025,ANA,L,L,25,1,3,4,1,55,0.16,1,4,0,0,0,0,0,1,8,12.5,,0.0
Christian Fischer,20242025,DET,R,R,31,1,3,4,-3,11,0.13,1,4,0,0,0,0,0,0,20,5.0,,71.4
Derek Ryan,20242025,EDM,R,C,31,1,3,4,-6,12,0.13,1,4,0,0,0,0,0,0,17,5.9,,61.8
Ryan Lomberg,20242025,CGY,L,L,34,1,3,4,4,24,0.12,1,4,0,0,0,0,0,0,23,4.4,,16.7
Jake Bean,20242025,CGY,L,D,23,1,3,4,0,4,0.17,1,4,0,0,0,0,0,0,27,3.7,,
Klim Kostin,20242025,SJS,L,C,21,1,3,4,-4,25,0.19,1,4,0,0,0,0,0,0,18,5.6,,50.0
Ty Dellandrea,20242025,SJS,R,C,32,1,3,4,-9,20,0.13,1,4,0,0,0,0,0,0,25,4.0,,51.2
Jacob Bernard-Docker,20242025,OTT,R,D,25,1,3,4,2,4,0.16,1,4,0,0,0,0,0,0,18,5.6,,
Jakob Pelletier,20242025,CGY,L,L,10,1,3,4,2,0,0.4,1,4,0,0,0,0,0,0,12,8.3,,0.0
Marat Khusnutdinov,20242025,MIN,L,C,34,1,3,4,-2,8,0.12,1,3,0,0,0,1,0,0,13,7.7,,47.4
Ivan Miroshnichenko,20242025,WSH,R,L,15,1,3,4,2,0,0.27,1,3,0,1,0,0,0,0,14,7.1,,
Matthew Poitras,20242025,BOS,R,C,14,1,3,4,-4,6,0.29,1,4,0,0,0,0,0,1,10,10.0,,50.9
Ty Emberson,20242025,EDM,R,D,34,0,4,4,-5,14,0.12,0,3,0,0,0,1,0,0,30,0.0,,
Simon Benoit,20242025,TOR,L,D,35,0,4,4,2,28,0.11,0,4,0,0,0,0,0,0,23,0.0,,
Justin Dowling,20242025,NJD,L,C,25,2,1,3,-2,2,0.12,2,3,0,0,0,0,0,0,17,11.8,,46.6
Miles Wood,20242025,COL,L,L,16,2,1,3,-1,12,0.19,2,3,0,0,0,0,0,1,30,6.7,,33.3
Zack MacEwen,20242025,OTT,R,R,19,2,1,3,1,16,0.16,2,3,0,0,0,0,0,0,23,8.7,,41.7
Rasmus Kupari,20242025,WPG,R,C,33,2,1,3,-3,10,0.09,2,3,0,0,0,0,0,1,32,6.3,,51.7
Brett Berard,20242025,NYR,L,L,13,2,1,3,-6,4,0.23,2,3,0,0,0,0,0,0,25,8.0,,66.7
Nikita Chibrikov,20242025,WPG,L,R,4,2,1,3,1,0,0.75,2,2,0,1,0,0,0,0,6,33.3,,
Justin Holl,20242025,DET,R,D,28,1,2,3,-3,8,0.11,1,3,0,0,0,0,0,0,10,10.0,,
Matt Nieto,20242025,PIT,L,L,17,1,2,3,-2,0,0.18,1,2,0,1,0,0,0,0,14,7.1,,33.3
Henri Jokiharju,20242025,BUF,R,D,26,1,2,3,2,10,0.12,1,3,0,0,0,0,0,1,34,2.9,,
Zach Whitecloud,20242025,VGK,R,D,29,1,2,3,2,14,0.1,1,3,0,0,0,0,0,0,30,3.3,,
Akil Thomas,20242025,LAK,R,C,16,1,2,3,-1,2,0.19,1,3,0,0,0,0,0,0,18,5.6,,38.7
Adam Wilsby,20242025,NSH,L,D,14,1,2,3,3,2,0.21,1,3,0,0,0,0,0,0,19,5.3,,
Logan Mailloux,20242025,MTL,R,D,5,1,2,3,-4,6,0.6,1,3,0,0,0,0,0,0,7,14.3,,
Maveric Lamoureux,20242025,UTA,R,D,15,1,2,3,3,42,0.2,1,3,0,0,0,0,0,0,17,5.9,,
Brendan Smith,20242025,DAL,L,D,15,0,3,3,-4,20,0.2,0,3,0,0,0,0,0,0,11,0.0,,
Travis Hamonic,20242025,OTT,R,D,35,0,3,3,-8,13,0.09,0,3,0,0,0,0,0,0,45,0.0,,
Jon Merrill,20242025,MIN,L,D,29,0,3,3,-4,10,0.1,0,3,0,0,0,0,0,0,19,0.0,,
Jordan Oesterle,20242025,BOS,L,D,15,0,3,3,0,0,0.2,0,3,0,0,0,0,0,0,15,0.0,,
Jansen Harkins,20242025,ANA,L,C,22,0,3,3,-4,12,0.14,0,3,0,0,0,0,0,0,12,0.0,,55.8
Vincent Desharnais,20242025,VAN,R,D,23,0,3,3,-3,15,0.13,0,3,0,0,0,0,0,0,15,0.0,,
Jacob Bryson,20242025,BUF,L,D,22,0,3,3,-2,8,0.14,0,3,0,0,0,0,0,0,7,0.0,,
Nils Lundkvist,20242025,DAL,R,D,27,0,3,3,6,10,0.11,0,3,0,0,0,0,0,0,41,0.0,,
Kaedan Korczak,20242025,VGK,R,D,17,0,3,3,4,0,0.18,0,3,0,0,0,0,0,0,13,0.0,,
Marc Del Gaizo,20242025,NSH,L,D,21,0,3,3,0,17,0.14,0,3,0,0,0,0,0,0,28,0.0,,
Matthew Kessel,20242025,STL,R,D,26,0,3,3,-1,10,0.12,0,3,0,0,0,0,0,0,16,0.0,,
Zack Ostapchuk,20242025,OTT,L,C,22,0,3,3,-1,7,0.14,0,3,0,0,0,0,0,0,8,0.0,,46.0
Tyler Motte,20242025,DET,L,C,21,2,0,2,-8,2,0.1,2,2,0,0,0,0,0,0,25,8.0,,41.7
Tyson Jost,20242025,CAR,L,C,15,2,0,2,3,8,0.13,2,2,0,0,0,0,0,0,16,12.5,,50.0
Fedor Svechkov,20242025,NSH,L,C,9,2,0,2,-1,0,0.22,2,2,0,0,0,0,0,0,9,22.2,,46.2
Marc McLaughlin,20242025,BOS,R,C,10,2,0,2,0,0,0.2,2,2,0,0,0,0,0,0,13,15.4,,40.0
Lian Bichsel,20242025,DAL,L,D,8,2,0,2,2,6,0.25,2,2,0,0,0,0,0,1,4,50.0,,
Nick Blankenburg,20242025,NSH,R,D,14,2,0,2,5,6,0.14,2,2,0,0,0,0,1,1,21,9.5,,
Erik Johnson,20242025,PHI,R,D,15,1,1,2,-2,9,0.13,1,1,0,0,0,1,0,0,5,20.0,,
Luke Schenn,20242025,NSH,R,D,36,1,1,2,-8,27,0.06,1,2,0,0,0,0,0,0,41,2.4,,
Tyson Barrie,20242025,CGY,R,D,9,1,1,2,-2,2,0.22,1,1,0,1,0,0,0,0,12,8.3,,
Michael Sgarbossa,20242025,WSH,L,C,3,1,1,2,2,2,0.67,1,2,0,0,0,0,0,0,1,100.0,,45.0
Curtis Lazar,20242025,NJD,R,C,14,1,1,2,-1,4,0.14,1,2,0,0,0,0,0,0,10,10.0,,49.6
Nicolas Aube-Kubel,20242025,BUF,R,R,16,1,1,2,-2,15,0.13,1,2,0,0,0,0,0,0,16,6.3,,60.0
Sam Lafferty,20242025,BUF,R,C,27,1,1,2,-3,18,0.07,1,2,0,0,0,0,0,0,15,6.7,,42.9
Oliver Kylington,20242025,COL,L,D,8,1,1,2,-2,4,0.25,1,2,0,0,0,0,0,0,2,50.0,,
Will Borgen,20242025,"SEA,NYR",R,D,37,1,1,2,-15,11,0.05,1,2,0,0,0,0,0,0,27,3.7,,
Jordan Harris,20242025,CBJ,L,D,23,1,1,2,-6,6,0.09,1,2,0,0,0,0,0,0,12,8.3,,
Cole Reinhardt,20242025,OTT,L,L,8,1,1,2,-3,2,0.25,1,2,0,0,0,0,0,0,8,12.5,,100.0
Brayden Pachal,20242025,CGY,R,D,36,1,1,2,-4,49,0.06,1,2,0,0,0,0,0,0,33,3.0,,
Valtteri Puustinen,20242025,PIT,R,R,10,1,1,2,-4,4,0.2,0,1,1,1,0,0,0,0,6,16.7,,
Tyler Kleven,20242025,OTT,L,D,36,1,1,2,-1,10,0.06,1,2,0,0,0,0,0,0,33,3.0,,
Gage Goncalves,20242025,TBL,L,C,21,1,1,2,1,4,0.1,1,1,0,1,0,0,0,0,16,6.3,,
Josh Doan,20242025,UTA,R,R,9,1,1,2,-1,6,0.22,1,2,0,0,0,0,0,0,10,10.0,,43.6
Owen Pickering,20242025,PIT,L,D,14,1,1,2,-4,2,0.14,1,2,0,0,0,0,0,0,5,20.0,,
Jack Johnson,20242025,CBJ,L,D,23,0,2,2,-8,2,0.09,0,2,0,0,0,0,0,0,13,0.0,,
Robert Bortuzzo,20242025,UTA,R,D,15,0,2,2,-2,22,0.13,0,2,0,0,0,0,0,0,6,0.0,,
Tyler Johnson,20242025,BOS,R,C,9,0,2,2,-1,10,0.22,0,1,0,1,0,0,0,0,6,0.0,,63.6
Derek Forbort,20242025,VAN,L,D,9,0,2,2,-1,8,0.22,0,2,0,0,0,0,0,0,6,0.0,,
Dylan McIlrath,20242025,WSH,R,D,11,0,2,2,1,14,0.18,0,2,0,0,0,0,0,0,4,0.0,,
Phillip Di Giuseppe,20242025,VAN,L,L,4,0,2,2,1,2,0.5,0,2,0,0,0,0,0,0,3,0.0,,0.0
Zemgus Girgensons,20242025,TBL,L,C,34,0,2,2,-2,22,0.06,0,2,0,0,0,0,0,0,31,0.0,,44.8
Kyle Burroughs,20242025,LAK,R,D,19,0,2,2,3,24,0.11,0,2,0,0,0,0,0,0,3,0.0,,
Ryan Shea,20242025,PIT,L,D,19,0,2,2,-6,6,0.11,0,1,0,1,0,0,0,0,8,0.0,,
Philippe Myers,20242025,TOR,R,D,9,0,2,2,1,0,0.22,0,2,0,0,0,0,0,0,11,0.0,,
Jacob Moverare,20242025,LAK,L,D,18,0,2,2,4,4,0.11,0,2,0,0,0,0,0,0,13,0.0,,
P.O Joseph,20242025,"STL,PIT",L,D,27,0,2,2,-12,23,0.07,0,2,0,0,0,0,0,0,26,0.0,,
Grant Hutton,20242025,NYI,R,D,12,0,2,2,1,4,0.17,0,2,0,0,0,0,0,0,10,0.0,,
Sean Durzi,20242025,UTA,R,D,4,0,2,2,2,7,0.5,0,2,0,0,0,0,0,0,3,0.0,,
John Ludvig,20242025,COL,L,D,8,0,2,2,-4,6,0.25,0,2,0,0,0,0,0,0,9,0.0,,
Andre Lee,20242025,LAK,L,L,18,0,2,2,-6,11,0.11,0,2,0,0,0,0,0,0,16,0.0,,
Artem Zub,20242025,OTT,R,D,11,0,2,2,-7,8,0.18,0,2,0,0,0,0,0,0,13,0.0,,
Nils Aman,20242025,VAN,L,C,5,0,2,2,-3,0,0.4,0,2,0,0,0,0,0,0,2,0.0,,43.5
Samuel Helenius,20242025,LAK,L,C,20,0,2,2,-3,14,0.1,0,2,0,0,0,0,0,0,13,0.0,,46.2
Oliver Kapanen,20242025,MTL,R,C,12,0,2,2,-4,2,0.17,0,1,0,1,0,0,0,0,13,0.0,,46.0
Chris Wagner,20242025,COL,R,R,23,1,0,1,-7,9,0.04,1,1,0,0,0,0,0,0,24,4.2,,46.2
Andreas Englund,20242025,LAK,L,D,8,1,0,1,-1,12,0.13,1,1,0,0,0,0,0,0,4,25.0,,
Jonah Gadjovich,20242025,FLA,L,L,18,1,0,1,-6,10,0.06,1,1,0,0,0,0,0,1,11,9.1,,
Louis Crevier,20242025,CHI,R,D,8,1,0,1,-2,4,0.13,1,1,0,0,0,0,0,0,8,12.5,,
Justin Barron,20242025,"MTL,NSH",R,D,19,1,0,1,-7,8,0.05,1,1,0,0,0,0,0,0,17,5.9,,
Shakir Mukhamadullin,20242025,SJS,L,D,7,1,0,1,2,2,0.14,1,1,0,0,0,0,0,0,9,11.1,,
Isaak Phillips,20242025,CHI,L,D,3,1,0,1,0,0,0.33,1,1,0,0,0,0,0,0,3,33.3,,
Ethan Cardwell,20242025,SJS,R,R,6,1,0,1,-2,2,0.17,1,1,0,0,0,0,0,0,5,20.0,,50.0
Callahan Burke,20242025,VGK,R,C,6,1,0,1,2,2,0.17,1,1,0,0,0,0,0,0,12,8.3,,
Tyson Kozak,20242025,BUF,L,C,3,1,0,1,0,0,0.33,1,1,0,0,0,0,0,0,2,50.0,,53.3
Arshdeep Bains,20242025,VAN,L,L,11,1,0,1,-4,0,0.09,1,1,0,0,0,0,0,1,7,14.3,,75.0
Declan Carlile,20242025,TBL,L,D,1,1,0,1,1,0,1.0,1,1,0,0,0,0,0,0,1,100.0,,
Jonathan Lekkerimaki,20242025,VAN,R,R,5,1,0,1,-4,2,0.2,1,1,0,0,0,0,0,0,7,14.3,,
Lucas Condotta,20242025,MTL,L,L,7,1,0,1,-2,0,0.14,1,1,0,0,0,0,0,0,5,20.0,,58.6
Calum Ritchie,20242025,COL,R,C,7,1,0,1,-7,0,0.14,1,1,0,0,0,0,0,0,11,9.1,,42.9
Ryan Reaves,20242025,TOR,R,R,24,0,1,1,-1,23,0.04,0,1,0,0,0,0,0,0,10,0.0,,0.0
Matt Martin,20242025,NYI,L,L,20,0,1,1,-2,5,0.05,0,1,0,0,0,0,0,0,12,0.0,,42.9
Nicolas Deslauriers,20242025,PHI,L,L,7,0,1,1,0,5,0.14,0,1,0,0,0,0,0,0,4,0.0,,100.0
Kevin Gravel,20242025,NSH,L,D,3,0,1,1,2,0,0.33,0,1,0,0,0,0,0,0,1,0.0,,
T.J. Tynan,20242025,COL,R,C,8,0,1,1,-1,4,0.13,0,1,0,0,0,0,0,0,4,0.0,,38.9
Mathew Dumba,20242025,DAL,R,D,19,0,1,1,-2,19,0.05,0,1,0,0,0,0,0,0,17,0.0,,
Devin Shore,20242025,MIN,L,C,18,0,1,1,0,0,0.06,0,1,0,0,0,0,0,0,14,0.0,,100.0
Chad Ruhwedel,20242025,NYR,R,D,5,0,1,1,2,0,0.2,0,1,0,0,0,0,0,0,1,0.0,,
Jeremy Lauzon,20242025,NSH,L,D,26,0,1,1,-3,26,0.04,0,1,0,0,0,0,0,0,25,0.0,,
Mitchell Stephens,20242025,SEA,R,C,9,0,1,1,-2,0,0.11,0,1,0,0,0,0,0,0,7,0.0,,55.4
Dennis Gilbert,20242025,BUF,L,D,12,0,1,1,-1,27,0.08,0,1,0,0,0,0,0,0,2,0.0,,
Joey Anderson,20242025,CHI,R,R,18,0,1,1,-2,0,0.06,0,1,0,0,0,0,0,0,17,0.0,,60.0
Joshua Mahura,20242025,SEA,L,D,25,0,1,1,-2,10,0.04,0,1,0,0,0,0,0,0,19,0.0,,
Drake Caggiula,20242025,EDM,L,L,7,0,1,1,0,5,0.14,0,1,0,0,0,0,0,0,6,0.0,,100.0
Urho Vaakanainen,20242025,"ANA,NYR",L,D,10,0,1,1,-1,4,0.1,0,1,0,0,0,0,0,0,5,0.0,,
Connor Dewar,20242025,TOR,L,C,19,0,1,1,-2,0,0.05,0,0,0,0,0,1,0,0,21,0.0,,40.7
Jack St. Ivany,20242025,PIT,R,D,19,0,1,1,-3,17,0.05,0,1,0,0,0,0,0,0,12,0.0,,
Noah Philp,20242025,EDM,R,C,3,0,1,1,1,0,0.33,0,1,0,0,0,0,0,0,4,0.0,,48.3
Sam Poulin,20242025,PIT,L,R,6,0,1,1,1,2,0.17,0,1,0,0,0,0,0,0,2,0.0,,
Albert Johansson,20242025,DET,L,D,17,0,1,1,-6,2,0.06,0,1,0,0,0,0,0,0,14,0.0,,
Danil Gushchin,20242025,SJS,L,L,10,0,1,1,-2,6,0.1,0,1,0,0,0,0,0,0,13,0.0,,100.0
Helge Grans,20242025,PHI,R,D,6,0,1,1,0,2,0.17,0,1,0,0,0,0,0,0,5,0.0,,
Wyatt Kaiser,20242025,CHI,L,D,28,0,1,1,-4,14,0.04,0,1,0,0,0,0,0,0,32,0.0,,
Walker Duehr,20242025,CGY,R,R,10,0,1,1,-1,0,0.1,0,1,0,0,0,0,0,0,5,0.0,,12.5
Ryan Winterton,20242025,SEA,R,C,8,0,1,1,-7,0,0.13,0,1,0,0,0,0,0,0,8,0.0,,0.0
David Jiricek,20242025,CBJ,R,D,6,0,1,1,-2,4,0.17,0,1,0,0,0,0,0,0,5,0.0,,
Frank Nazar,20242025,CHI,R,C,8,0,1,1,-4,8,0.13,0,1,0,0,0,0,0,0,7,0.0,,35.4
Simon Nemec,20242025,NJD,R,D,9,0,1,1,-2,4,0.11,0,0,0,1,0,0,0,0,9,0.0,,
Georgii Merkulov,20242025,BOS,L,C,3,0,1,1,-1,0,0.33,0,1,0,0,0,0,0,0,4,0.0,,0.0
David Perron,20242025,OTT,R,L,9,0,0,0,-4,0,0.0,0,0,0,0,0,0,0,0,25,0.0,,
Nick Leddy,20242025,STL,L,D,4,0,0,0,-3,0,0.0,0,0,0,0,0,0,0,0,4,0.0,,
Alexander Petrovic,20242025,DAL,R,D,3,0,0,0,-3,2,0.0,0,0,0,0,0,0,0,0,1,0.0,,
Austin Watson,20242025,DET,R,L,2,0,0,0,-2,2,0.0,0,0,0,0,0,0,0,0,1,0.0,,
Erik Gudbranson,20242025,CBJ,R,D,3,0,0,0,0,2,0.0,0,0,0,0,0,0,0,0,1,0.0,,
Jani Hakanpää,20242025,TOR,R,D,2,0,0,0,-1,0,0.0,0,0,0,0,0,0,0,0,2,0.0,,
Travis Boyd,20242025,MIN,R,C,3,0,0,0,0,0,0.0,0,0,0,0,0,0,0,0,0,,,
Mike Reilly,20242025,NYI,L,D,11,0,0,0,1,2,0.0,0,0,0,0,0,0,0,0,15,0.0,,
Brendan Gaunce,20242025,MIN,L,C,4,0,0,0,-3,4,0.0,0,0,0,0,0,0,0,0,3,0.0,,40.9
Andreas Athanasiou,20242025,CHI,L,C,5,0,0,0,-1,0,0.0,0,0,0,0,0,0,0,0,6,0.0,,48.7
Matthew Benning,20242025,SJS,R,D,7,0,0,0,-5,4,0.0,0,0,0,0,0,0,0,0,7,0.0,,
Ben Hutton,20242025,VGK,L,D,5,0,0,0,0,0,0.0,0,0,0,0,0,0,0,0,6,0.0,,
Liam O'Brien,20242025,UTA,L,C,3,0,0,0,-1,5,0.0,0,0,0,0,0,0,0,0,1,0.0,,
Kurtis MacDermid,20242025,NJD,L,L,14,0,0,0,-3,17,0.0,0,0,0,0,0,0,0,0,4,0.0,,
Joshua Brown,20242025,EDM,R,D,3,0,0,0,-1,7,0.0,0,0,0,0,0,0,0,0,2,0.0,,
Hudson Fasching,20242025,NYI,R,R,16,0,0,0,-5,2,0.0,0,0,0,0,0,0,0,0,5,0.0,,0.0
John Hayden,20242025,SEA,R,C,1,0,0,0,0,2,0.0,0,0,0,0,0,0,0,0,0,,,100.0
Ryan Graves,20242025,PIT,L,D,29,0,0,0,-8,13,0.0,0,0,0,0,0,0,0,0,23,0.0,,
Robert Hagg,20242025,VGK,L,D,2,0,0,0,0,0,0.0,0,0,0,0,0,0,0,0,0,,,
Steven Santini,20242025,TBL,R,D,1,0,0,0,0,0,0.0,0,0,0,0,0,0,0,0,1,0.0,,
Dakota Mermis,20242025,UTA,L,D,1,0,0,0,-2,2,0.0,0,0,0,0,0,0,0,0,2,0.0,,
Joel Hanley,20242025,CGY,L,D,11,0,0,0,2,4,0.0,0,0,0,0,0,0,0,0,7,0.0,,
Conor Sheary,20242025,TBL,L,L,4,0,0,0,-2,4,0.0,0,0,0,0,0,0,0,0,3,0.0,,
Patrick Brown,20242025,BOS,R,C,1,0,0,0,-1,0,0.0,0,0,0,0,0,0,0,0,2,0.0,,50.0
Sonny Milano,20242025,WSH,L,L,3,0,0,0,-3,0,0.0,0,0,0,0,0,0,0,0,4,0.0,,
Mark Friedman,20242025,VAN,R,D,3,0,0,0,-2,0,0.0,0,0,0,0,0,0,0,0,3,0.0,,
William Lagesson,20242025,DET,L,D,2,0,0,0,-2,2,0.0,0,0,0,0,0,0,0,0,2,0.0,,
Travis Dermott,20242025,"EDM,MIN",L,D,12,0,0,0,-4,2,0.0,0,0,0,0,0,0,0,0,6,0.0,,
Parker Wotherspoon,20242025,BOS,L,D,17,0,0,0,-2,4,0.0,0,0,0,0,0,0,0,0,9,0.0,,
Caleb Jones,20242025,LAK,L,D,5,0,0,0,-2,2,0.0,0,0,0,0,0,0,0,0,6,0.0,,
Noah Juulsen,20242025,VAN,R,D,24,0,0,0,-8,13,0.0,0,0,0,0,0,0,0,0,16,0.0,,
Julien Gauthier,20242025,NYI,R,R,1,0,0,0,0,0,0.0,0,0,0,0,0,0,0,0,0,,,
Rasmus Asplund,20242025,FLA,L,C,2,0,0,0,0,0,0.0,0,0,0,0,0,0,0,0,1,0.0,,0.0
Riley Tufte,20242025,BOS,L,L,3,0,0,0,-3,4,0.0,0,0,0,0,0,0,0,0,0,,,0.0
Max Jones,20242025,BOS,L,L,4,0,0,0,-4,8,0.0,0,0,0,0,0,0,0,0,1,0.0,,
Givani Smith,20242025,"SJS,COL",L,R,13,0,0,0,-3,18,0.0,0,0,0,0,0,0,0,0,5,0.0,,
Keaton Middleton,20242025,COL,L,D,9,0,0,0,1,7,0.0,0,0,0,0,0,0,0,0,8,0.0,,
Alexander Nylander,20242025,TOR,R,L,5,0,0,0,-1,4,0.0,0,0,0,0,0,0,0,0,4,0.0,,75.0
Michael Pezzetta,20242025,MTL,L,L,3,0,0,0,-1,4,0.0,0,0,0,0,0,0,0,0,1,0.0,,25.0
Tanner Laczynski,20242025,VGK,R,C,5,0,0,0,-1,6,0.0,0,0,0,0,0,0,0,0,1,0.0,,46.2
Nathan Clurman,20242025,PIT,R,D,1,0,0,0,0,2,0.0,0,0,0,0,0,0,0,0,4,0.0,,
Dylan Coghlan,20242025,WPG,R,D,1,0,0,0,-1,0,0.0,0,0,0,0,0,0,0,0,2,0.0,,
Jeffrey Viel,20242025,BOS,L,L,1,0,0,0,0,7,0.0,0,0,0,0,0,0,0,0,0,,,
Alex Barré-Boulet,20242025,MTL,L,C,2,0,0,0,-2,2,0.0,0,0,0,0,0,0,0,0,0,,,
Tye Felhaber,20242025,COL,L,L,1,0,0,0,0,0,0.0,0,0,0,0,0,0,0,0,0,,,
Kailer Yamamoto,20242025,UTA,R,R,3,0,0,0,-1,0,0.0,0,0,0,0,0,0,0,0,1,0.0,,100.0
Cale Fleury,20242025,SEA,R,D,2,0,0,0,0,0,0.0,0,0,0,0,0,0,0,0,1,0.0,,
Jonas Rondbjerg,20242025,VGK,L,R,2,0,0,0,-1,0,0.0,0,0,0,0,0,0,0,0,0,,,0.0
Shane Bowers,20242025,NJD,L,C,4,0,0,0,-1,0,0.0,0,0,0,0,0,0,0,0,2,0.0,,100.0
Olle Lycksell,20242025,PHI,L,R,1,0,0,0,0,0,0.0,0,0,0,0,0,0,0,0,3,0.0,,
Ben Jones,20242025,MIN,L,C,18,0,0,0,0,5,0.0,0,0,0,0,0,0,0,0,16,0.0,,47.6
Alexander Alexeyev,20242025,WSH,L,D,5,0,0,0,4,0,0.0,0,0,0,0,0,0,0,0,4,0.0,,
Patrick Giles,20242025,FLA,R,R,9,0,0,0,-1,0,0.0,0,0,0,0,0,0,0,0,4,0.0,,29.8
Grigori Denisenko,20242025,VGK,R,L,1,0,0,0,0,2,0.0,0,0,0,0,0,0,0,0,0,,,0.0
Liam Foudy,20242025,NYI,L,C,2,0,0,0,-1,0,0.0,0,0,0,0,0,0,0,0,1,0.0,,
Ty Smith,20242025,CAR,L,D,1,0,0,0,1,0,0.0,0,0,0,0,0,0,0,0,1,0.0,,
Tyler Tucker,20242025,STL,L,D,4,0,0,0,-1,7,0.0,0,0,0,0,0,0,0,0,2,0.0,,
David Gustafsson,20242025,WPG,L,C,5,0,0,0,0,5,0.0,0,0,0,0,0,0,0,0,6,0.0,,33.3
Linus Karlsson,20242025,VAN,R,C,2,0,0,0,-1,0,0.0,0,0,0,0,0,0,0,0,1,0.0,,
Reese Johnson,20242025,MIN,R,C,3,0,0,0,0,0,0.0,0,0,0,0,0,0,0,0,1,0.0,,
Corey Schueneman,20242025,STL,L,D,4,0,0,0,0,0,0.0,0,0,0,0,0,0,0,0,4,0.0,,
Mason Morelli,20242025,VGK,L,L,1,0,0,0,-1,0,0.0,0,0,0,0,0,0,0,0,0,,,
Nolan Foote,20242025,NJD,L,L,2,0,0,0,-1,0,0.0,0,0,0,0,0,0,0,0,0,,,
Daniil Misyul,20242025,NJD,L,D,1,0,0,0,-1,0,0.0,0,0,0,0,0,0,0,0,0,,,
Samuel Bolduc,20242025,NYI,L,D,1,0,0,0,-1,0,0.0,0,0,0,0,0,0,0,0,0,,,
Ryan Johnson,20242025,BUF,L,D,3,0,0,0,-2,4,0.0,0,0,0,0,0,0,0,0,3,0.0,,
Ville Heinola,20242025,WPG,L,D,11,0,0,0,5,4,0.0,0,0,0,0,0,0,0,0,6,0.0,,
Nathan Légaré,20242025,NJD,R,R,3,0,0,0,-1,0,0.0,0,0,0,0,0,0,0,0,3,0.0,,
Matej Blümel,20242025,DAL,L,R,1,0,0,0,0,0,0.0,0,0,0,0,0,0,0,0,2,0.0,,
Matt Stienburg,20242025,COL,R,C,8,0,0,0,0,22,0.0,0,0,0,0,0,0,0,0,4,0.0,,
Connor Mackey,20242025,NYR,L,D,2,0,0,0,0,5,0.0,0,0,0,0,0,0,0,0,1,0.0,,
Daemon Hunt,20242025,MIN,L,D,1,0,0,0,0,0,0.0,0,0,0,0,0,0,0,0,2,0.0,,
Vasily Ponomarev,20242025,PIT,L,C,3,0,0,0,0,2,0.0,0,0,0,0,0,0,0,0,4,0.0,,
Sam Colangelo,20242025,ANA,R,R,8,0,0,0,-3,0,0.0,0,0,0,0,0,0,0,0,10,0.0,,25.0
Brendan Brisson,20242025,VGK,L,C,7,0,0,0,-3,0,0.0,0,0,0,0,0,0,0,0,7,0.0,,
Matt Rempe,20242025,NYR,R,C,5,0,0,0,0,24,0.0,0,0,0,0,0,0,0,0,1,0.0,,0.0
Chase Bradley,20242025,COL,L,L,2,0,0,0,0,0,0.0,0,0,0,0,0,0,0,0,0,,,
Alex Steeves,20242025,TOR,L,C,4,0,0,0,0,0,0.0,0,0,0,0,0,0,0,0,5,0.0,,
Mike Hardman,20242025,NJD,L,L,1,0,0,0,0,0,0.0,0,0,0,0,0,0,0,0,0,,,0.0
James Malatesta,20242025,CBJ,L,L,2,0,0,0,-1,0,0.0,0,0,0,0,0,0,0,0,0,,,100.0
Joshua Roy,20242025,MTL,L,R,4,0,0,0,-1,2,0.0,0,0,0,0,0,0,0,0,3,0.0,,
Fabian Lysell,20242025,BOS,R,R,1,0,0,0,1,0,0.0,0,0,0,0,0,0,0,0,0,,,
Isak Rosen,20242025,BUF,L,R,1,0,0,0,0,0,0.0,0,0,0,0,0,0,0,0,0,,,
Michael Milne,20242025,MIN,L,L,1,0,0,0,0,0,0.0,0,0,0,0,0,0,0,0,0,,,
Kevin Korchinski,20242025,CHI,L,D,9,0,0,0,-5,4,0.0,0,0,0,0,0,0,0,0,7,0.0,,
Brad Lambert,20242025,WPG,R,C,4,0,0,0,-1,2,0.0,0,0,0,0,0,0,0,0,1,0.0,,33.3
Tristan Luneau,20242025,ANA,R,D,6,0,0,0,-5,2,0.0,0,0,0,0,0,0,0,0,6,0.0,,
Denton Mateychuk,20242025,CBJ,L,D,3,0,0,0,-1,0,0.0,0,0,0,0,0,0,0,0,0,,,
Rutger McGroarty,20242025,PIT,L,R,3,0,0,0,-1,0,0.0,0,0,0,0,0,0,0,0,2,0.0,,0.0
Liam Ohgren,20242025,MIN,L,L,8,0,0,0,-2,0,0.0,0,0,0,0,0,0,0,0,10,0.0,,
Ben Meyers,20242025,SEA,L,C,4,0,0,0,-1,2,0.0,0,0,0,0,0,0,0,0,2,0.0,,45.8
Adam Klapka,20242025,CGY,R,R,6,0,0,0,1,8,0.0,0,0,0,0,0,0,0,0,7,0.0,,50.0
Nikita Grebenkin,20242025,TOR,L,R,7,0,0,0,-3,2,0.0,0,0,0,0,0,0,0,0,2,0.0,,100.0
Samuel Honzek,20242025,CGY,L,L,5,0,0,0,-1,2,0.0,0,0,0,0,0,0,0,0,6,0.0,,0.0
Nikolas Matinpalo,20242025,OTT,R,D,1,0,0,0,0,2,0.0,0,0,0,0,0,0,0,0,0,,,
Jett Luchanko,20242025,PHI,R,C,4,0,0,0,-3,2,0.0,0,0,0,0,0,0,0,0,3,0.0,,46.0
Justin Hryckowian,20242025,DAL,L,C,1,0,0,0,0,0,0.0,0,0,0,0,0,0,0,0,0,,,
Jere Innala,20242025,COL,L,L,3,0,0,0,-1,2,0.0,0,0,0,0,0,0,0,0,1,0.0,,
Nikita Prishchepov,20242025,COL,L,C,10,0,0,0,0,0,0.0,0,0,0,0,0,0,0,0,4,0.0,,
